method,seed,grid_size,rm_variant,rm_input_mode,rm_hidden,rm_layers,outer_iter,true_eval_return,learned_eval_return,true_ndh,true_ndh_norm,reward_model_drift,reward_model_pref_accuracy,clip_epsilon,clip_eps_base,critic_error,approx_policy_kl,preference_dataset_size,rm_updated
fixed_rm,0,10,full_rm,onehot,96,2,0,-0.2233333333333336,-1.8885416408379874,0.0,0.0,0.0,0.7833333333333333,0.2,0.2,nan,0.00014047799889899435,128,0
fixed_rm,0,10,full_rm,onehot,96,2,1,-0.2593333333333336,-0.560210294276476,-0.035999999999999976,0.0,0.0,0.7833333333333333,0.2,0.2,nan,5.882516754244905e-05,128,0
fixed_rm,0,10,full_rm,onehot,96,2,2,-0.06466666666666689,-1.5937240213155746,0.0,0.0,0.0,0.7833333333333333,0.2,0.2,nan,0.00039219177789272095,128,0
fixed_rm,0,10,full_rm,onehot,96,2,3,-0.28600000000000025,-1.9990964074929556,-0.22133333333333338,-1.394957983193277,0.0,0.7833333333333333,0.2,0.2,nan,7.340863602214555e-05,128,0
fixed_rm,0,10,full_rm,onehot,96,2,4,-0.24866666666666692,-0.6735309739907582,-0.18400000000000005,-1.1596638655462184,0.0,0.7833333333333333,0.2,0.2,nan,2.2211257601230848e-05,128,0
fixed_rm,0,10,full_rm,onehot,96,2,5,0.2866666666666664,-0.891387540102005,0.0,0.0,0.0,0.7833333333333333,0.2,0.2,nan,0.0002558329542871638,128,0
fixed_rm,0,10,full_rm,onehot,96,2,6,0.0399999999999998,-0.04586923321088155,-0.2466666666666666,-0.4836601307189541,0.0,0.7833333333333333,0.2,0.2,nan,0.0001816989587332982,128,0
fixed_rm,0,10,full_rm,onehot,96,2,7,0.4859999999999998,-0.09653888444105783,0.0,0.0,0.0,0.7833333333333333,0.2,0.2,nan,0.00013581820089337345,128,0
fixed_rm,0,10,full_rm,onehot,96,2,8,0.3739999999999999,-0.7544484376907349,-0.11199999999999993,-0.15789473684210517,0.0,0.7833333333333333,0.2,0.2,nan,4.9123488032154494e-05,128,0
fixed_rm,0,10,full_rm,onehot,96,2,9,0.3659999999999999,0.4336316794157028,-0.11999999999999994,-0.16917293233082698,0.0,0.7833333333333333,0.2,0.2,nan,0.00041042537084175364,128,0
fixed_rm,0,10,full_rm,onehot,96,2,10,0.4273333333333331,0.134775044520696,-0.0586666666666667,-0.08270676691729327,0.0,0.7833333333333333,0.2,0.2,nan,7.012460835817413e-05,128,0
fixed_rm,0,10,full_rm,onehot,96,2,11,0.24999999999999986,0.7891084869702657,-0.23599999999999996,-0.3327067669172932,0.0,0.7833333333333333,0.2,0.2,nan,0.0001257229308876241,128,0
fixed_rm,0,10,full_rm,onehot,96,2,12,0.6920000000000001,-0.5182251811027527,0.0,0.0,0.0,0.7833333333333333,0.2,0.2,nan,0.0002344975446503281,128,0
fixed_rm,0,10,full_rm,onehot,96,2,13,0.4913333333333332,0.08102801740169525,-0.20066666666666688,-0.2192279679533869,0.0,0.7833333333333333,0.2,0.2,nan,7.935533003307195e-05,128,0
fixed_rm,0,10,full_rm,onehot,96,2,14,0.41333333333333316,0.25802398125330606,-0.2786666666666669,-0.3044428259286236,0.0,0.7833333333333333,0.2,0.2,nan,0.00034458947370957164,128,0
fixed_rm,0,10,full_rm,onehot,96,2,15,0.4953333333333332,1.5314854164918263,-0.19666666666666688,-0.2148579752367081,0.0,0.7833333333333333,0.2,0.2,nan,0.00030328984852061774,128,0
fixed_rm,0,10,full_rm,onehot,96,2,16,0.4326666666666666,1.2441123346487681,-0.25933333333333347,-0.28332119446467596,0.0,0.7833333333333333,0.2,0.2,nan,0.0007808823892094067,128,0
fixed_rm,0,10,full_rm,onehot,96,2,17,0.32266666666666655,1.683694851398468,-0.3693333333333335,-0.4034959941733431,0.0,0.7833333333333333,0.2,0.2,nan,0.00016018046004120625,128,0
fixed_rm,0,10,full_rm,onehot,96,2,18,0.26333333333333314,2.29541456302007,-0.4286666666666669,-0.4683175528040788,0.0,0.7833333333333333,0.2,0.2,nan,0.0009677215644944621,128,0
fixed_rm,0,10,full_rm,onehot,96,2,19,-0.0626666666666669,1.7670057495435079,-0.7546666666666669,-0.8244719592134013,0.0,0.7833333333333333,0.2,0.2,nan,0.0007035196317956294,128,0
fixed_rm,0,10,full_rm,onehot,96,2,20,0.00133333333333312,3.611546688278516,-0.690666666666667,-0.7545520757465405,0.0,0.7833333333333333,0.2,0.2,nan,0.002562987075559159,128,0
fixed_rm,0,10,full_rm,onehot,96,2,21,0.16733333333333314,7.1783939043680824,-0.524666666666667,-0.5731973780043701,0.0,0.7833333333333333,0.2,0.2,nan,0.0020327162489291264,128,0
fixed_rm,0,10,full_rm,onehot,96,2,22,-0.19000000000000028,5.633174347877502,-0.8820000000000003,-0.9635833940276767,0.0,0.7833333333333333,0.2,0.2,nan,0.0016598988173909721,128,0
fixed_rm,0,10,full_rm,onehot,96,2,23,-0.16133333333333358,5.159645434220632,-0.8533333333333336,-0.9322651128914785,0.0,0.7833333333333333,0.2,0.2,nan,0.006843902189050405,128,0
fixed_rm,0,10,full_rm,onehot,96,2,24,-0.25733333333333364,6.677046826481819,-0.9493333333333337,-1.0371449380917699,0.0,0.7833333333333333,0.2,0.2,nan,0.003603830693072947,128,0
fixed_rm,1,10,full_rm,onehot,96,2,0,-0.5840000000000002,-2.6402745246887207,0.0,0.0,0.0,0.8333333333333334,0.2,0.2,nan,9.206053833097422e-05,128,0
fixed_rm,1,10,full_rm,onehot,96,2,1,0.1946666666666665,-2.829271411895752,0.0,0.0,0.0,0.8333333333333334,0.2,0.2,nan,0.0006088777873982839,128,0
fixed_rm,1,10,full_rm,onehot,96,2,2,0.15933333333333313,-3.2165686388810477,-0.035333333333333355,-0.04537671232876715,0.0,0.8333333333333334,0.2,0.2,nan,0.001212068149824509,128,0
fixed_rm,1,10,full_rm,onehot,96,2,3,0.05466666666666644,-2.8483343491951625,-0.14000000000000004,-0.17979452054794526,0.0,0.8333333333333334,0.2,0.2,nan,0.0004416073374816982,128,0
fixed_rm,1,10,full_rm,onehot,96,2,4,0.5359999999999999,-3.1129748225212097,0.0,0.0,0.0,0.8333333333333334,0.2,0.2,nan,0.0006441801186586358,128,0
fixed_rm,1,10,full_rm,onehot,96,2,5,0.6493333333333332,-1.5292871539791426,0.0,0.0,0.0,0.8333333333333334,0.2,0.2,nan,0.0008134594645274391,128,0
fixed_rm,1,10,full_rm,onehot,96,2,6,0.3313333333333332,-2.5044771869977316,-0.318,-0.2578378378378378,0.0,0.8333333333333334,0.2,0.2,nan,0.0007498827132825267,128,0
fixed_rm,1,10,full_rm,onehot,96,2,7,0.3866666666666665,-0.8289572079976399,-0.2626666666666667,-0.212972972972973,0.0,0.8333333333333334,0.2,0.2,nan,0.0008210633048091547,128,0
fixed_rm,1,10,full_rm,onehot,96,2,8,0.5019999999999998,-1.4055345912774404,-0.14733333333333343,-0.11945945945945953,0.0,0.8333333333333334,0.2,0.2,nan,0.00042087972517251517,128,0
fixed_rm,1,10,full_rm,onehot,96,2,9,0.4646666666666666,-1.8409831712643305,-0.1846666666666666,-0.14972972972972967,0.0,0.8333333333333334,0.2,0.2,nan,0.0004131053686429033,128,0
fixed_rm,1,10,full_rm,onehot,96,2,10,0.6673333333333334,-0.6675041764974594,0.0,0.0,0.0,0.8333333333333334,0.2,0.2,nan,0.0014698750481128408,128,0
fixed_rm,1,10,full_rm,onehot,96,2,11,0.41866666666666646,-0.8138812412818273,-0.24866666666666698,-0.19872136387852976,0.0,0.8333333333333334,0.2,0.2,nan,0.0014670312999291446,128,0
fixed_rm,1,10,full_rm,onehot,96,2,12,0.6853333333333331,-1.1731136113405227,0.0,0.0,0.0,0.8333333333333334,0.2,0.2,nan,0.0013178751524569351,128,0
fixed_rm,1,10,full_rm,onehot,96,2,13,0.5633333333333332,-0.8776483813921611,-0.12199999999999989,-0.09611344537815117,0.0,0.8333333333333334,0.2,0.2,nan,0.0004883813140220653,128,0
fixed_rm,1,10,full_rm,onehot,96,2,14,0.7133333333333333,-0.37712084253629047,0.0,0.0,0.0,0.8333333333333334,0.2,0.2,nan,0.0015616758773263628,128,0
fixed_rm,1,10,full_rm,onehot,96,2,15,0.6699999999999998,-1.2196617687741915,-0.043333333333333446,-0.03340184994861262,0.0,0.8333333333333334,0.2,0.2,nan,0.000744639992957726,128,0
fixed_rm,1,10,full_rm,onehot,96,2,16,0.8006666666666667,-0.4836014633377393,0.0,0.0,0.0,0.8333333333333334,0.2,0.2,nan,0.0009640268635975922,128,0
fixed_rm,1,10,full_rm,onehot,96,2,17,0.4953333333333332,-0.16618386109670003,-0.30533333333333357,-0.22051035146846426,0.0,0.8333333333333334,0.2,0.2,nan,0.0005576076098382664,128,0
fixed_rm,1,10,full_rm,onehot,96,2,18,0.8146666666666665,0.2678326884905497,0.0,0.0,0.0,0.8333333333333334,0.2,0.2,nan,0.0007691715276352139,128,0
fixed_rm,1,10,full_rm,onehot,96,2,19,0.8226666666666667,-0.269198377430439,0.0,0.0,0.0,0.8333333333333334,0.2,0.2,nan,0.0010893102585974343,128,0
fixed_rm,1,10,full_rm,onehot,96,2,20,0.8326666666666667,-0.16554163893063864,0.0,0.0,0.0,0.8333333333333334,0.2,0.2,nan,0.00016358547117406895,128,0
fixed_rm,1,10,full_rm,onehot,96,2,21,0.7886666666666667,0.10867714136838913,-0.04399999999999993,-0.031058823529411708,0.0,0.8333333333333334,0.2,0.2,nan,0.00041924605310847103,128,0
fixed_rm,1,10,full_rm,onehot,96,2,22,0.6766666666666665,0.7128456046183904,-0.15600000000000014,-0.1101176470588236,0.0,0.8333333333333334,0.2,0.2,nan,0.000920431875405155,128,0
fixed_rm,1,10,full_rm,onehot,96,2,23,0.3639999999999998,1.1511092861493428,-0.46866666666666684,-0.33082352941176474,0.0,0.8333333333333334,0.2,0.2,nan,0.0017450768594549143,128,0
fixed_rm,1,10,full_rm,onehot,96,2,24,0.2933333333333331,0.9819153606891632,-0.5393333333333336,-0.3807058823529412,0.0,0.8333333333333334,0.2,0.2,nan,0.001711965584642523,128,0
fixed_rm,2,10,full_rm,onehot,96,2,0,-0.15133333333333354,-3.2233159065246584,0.0,0.0,0.0,0.8,0.2,0.2,nan,0.0001920331965266395,128,0
fixed_rm,2,10,full_rm,onehot,96,2,1,-0.19266666666666696,-2.1747539699077607,-0.041333333333333416,0.0,0.0,0.8,0.2,0.2,nan,0.00032754656737041254,128,0
fixed_rm,2,10,full_rm,onehot,96,2,2,-0.21200000000000022,0.26733208298683164,-0.060666666666666674,0.0,0.0,0.8,0.2,0.2,nan,0.0005849712373573704,128,0
fixed_rm,2,10,full_rm,onehot,96,2,3,-0.1980000000000003,-1.5308231194814046,-0.046666666666666745,0.0,0.0,0.8,0.2,0.2,nan,0.00016036130152021703,128,0
fixed_rm,2,10,full_rm,onehot,96,2,4,-0.35000000000000037,-1.4023893733819326,-0.19866666666666682,0.0,0.0,0.8,0.2,0.2,nan,0.0001710964627980254,128,0
fixed_rm,2,10,full_rm,onehot,96,2,5,-0.004666666666666893,0.4196861783663432,0.0,0.0,0.0,0.8,0.2,0.2,nan,0.0004093801999956521,128,0
fixed_rm,2,10,full_rm,onehot,96,2,6,0.23933333333333315,-0.520645513633887,0.0,0.0,0.0,0.8,0.2,0.2,nan,8.760447831935672e-05,128,0
fixed_rm,2,10,full_rm,onehot,96,2,7,0.5693333333333331,0.2646133025487264,0.0,0.0,0.0,0.8,0.2,0.2,nan,0.0009706275407350572,128,0
fixed_rm,2,10,full_rm,onehot,96,2,8,0.4226666666666665,0.1795023520787557,-0.1466666666666666,-0.2035152636447733,0.0,0.8,0.2,0.2,nan,0.0003055276082921943,128,0
fixed_rm,2,10,full_rm,onehot,96,2,9,0.16733333333333314,-0.6106909463802973,-0.402,-0.5578168362627197,0.0,0.8,0.2,0.2,nan,0.0017364180637793481,128,0
fixed_rm,2,10,full_rm,onehot,96,2,10,0.5973333333333332,1.176329219341278,0.0,0.0,0.0,0.8,0.2,0.2,nan,0.0012309798099624605,128,0
fixed_rm,2,10,full_rm,onehot,96,2,11,0.3466666666666665,0.5550775855779648,-0.25066666666666665,-0.33481745325022255,0.0,0.8,0.2,0.2,nan,0.0006026370237402366,128,0
fixed_rm,2,10,full_rm,onehot,96,2,12,-0.07333333333333357,2.6807528038819632,-0.6706666666666667,-0.8958147818343722,0.0,0.8,0.2,0.2,nan,0.005409606433153949,128,0
fixed_rm,2,10,full_rm,onehot,96,2,13,0.5806666666666664,2.0012305090824762,-0.01666666666666672,-0.022261798753339338,0.0,0.8,0.2,0.2,nan,0.002559685836887519,128,0
fixed_rm,2,10,full_rm,onehot,96,2,14,0.5413333333333333,4.275110577046871,-0.05599999999999983,-0.07479964381121972,0.0,0.8,0.2,0.2,nan,0.004654475919829251,128,0
fixed_rm,2,10,full_rm,onehot,96,2,15,0.6726666666666665,3.897583309809367,0.0,0.0,0.0,0.8,0.2,0.2,nan,0.0013510836093551248,128,0
fixed_rm,2,10,full_rm,onehot,96,2,16,0.5873333333333334,5.142988721529643,-0.08533333333333315,-0.10355987055016158,0.0,0.8,0.2,0.2,nan,0.007598920542184036,128,0
fixed_rm,2,10,full_rm,onehot,96,2,17,0.17866666666666647,5.309583614269893,-0.49400000000000005,-0.5995145631067962,0.0,0.8,0.2,0.2,nan,0.004976425558602032,128,0
fixed_rm,2,10,full_rm,onehot,96,2,18,0.4999999999999999,8.013663326452177,-0.17266666666666663,-0.209546925566343,0.0,0.8,0.2,0.2,nan,0.006579427113934206,128,0
fixed_rm,2,10,full_rm,onehot,96,2,19,-0.6266666666666669,4.678829734524091,-1.2993333333333335,-1.5768608414239482,0.0,0.8,0.2,0.2,nan,0.011921545817535469,128,0
fixed_rm,2,10,full_rm,onehot,96,2,20,0.5079999999999998,12.95536836385727,-0.16466666666666674,-0.19983818770226544,0.0,0.8,0.2,0.2,nan,0.012893289838754362,128,0
fixed_rm,2,10,full_rm,onehot,96,2,21,-0.340666666666667,12.367624886830647,-1.0133333333333336,-1.2297734627831718,0.0,0.8,0.2,0.2,nan,0.0009801804592497897,128,0
fixed_rm,2,10,full_rm,onehot,96,2,22,-0.2753333333333336,14.881417008241018,-0.9480000000000002,-1.150485436893204,0.0,0.8,0.2,0.2,nan,0.002607431354249546,128,0
fixed_rm,2,10,full_rm,onehot,96,2,23,-0.5000000000000003,10.118895138303438,-1.1726666666666667,-1.4231391585760518,0.0,0.8,0.2,0.2,nan,0.0009959978677207672,128,0
fixed_rm,2,10,full_rm,onehot,96,2,24,-0.033333333333333534,8.5672187363108,-0.7060000000000001,-0.8567961165048544,0.0,0.8,0.2,0.2,nan,0.001982115672698829,128,0
vanilla_updated_rm,0,10,full_rm,onehot,96,2,0,-0.2233333333333336,-1.8885416408379874,0.0,0.0,0.0,0.7833333333333333,0.2,0.2,nan,0.00014047799889899435,128,0
vanilla_updated_rm,0,10,full_rm,onehot,96,2,1,-0.2593333333333336,-0.560210294276476,-0.035999999999999976,0.0,0.0,0.7833333333333333,0.2,0.2,nan,5.882516754244905e-05,128,0
vanilla_updated_rm,0,10,full_rm,onehot,96,2,2,-0.06466666666666689,-1.5937240213155746,0.0,0.0,0.0,0.7833333333333333,0.2,0.2,nan,0.00039219177789272095,128,0
vanilla_updated_rm,0,10,full_rm,onehot,96,2,3,-0.28600000000000025,-1.9990964074929556,-0.22133333333333338,-1.394957983193277,0.0,0.7833333333333333,0.2,0.2,nan,7.340863602214555e-05,128,0
vanilla_updated_rm,0,10,full_rm,onehot,96,2,4,-0.24866666666666692,-0.6735309739907582,-0.18400000000000005,-1.1596638655462184,0.0,0.7833333333333333,0.2,0.2,nan,2.2211257601230848e-05,128,0
vanilla_updated_rm,0,10,full_rm,onehot,96,2,5,0.25333333333333313,0.02403275966644287,0.0,0.0,3.083961334452033,0.7666666666666667,0.2,0.2,nan,0.0022152429764901852,176,1
vanilla_updated_rm,0,10,full_rm,onehot,96,2,6,0.41333333333333316,-0.7218264619509379,0.0,0.0,3.083961334452033,0.7666666666666667,0.2,0.2,nan,0.0004794106098164484,176,0
vanilla_updated_rm,0,10,full_rm,onehot,96,2,7,0.3433333333333331,-0.7176319708426794,-0.07000000000000006,-0.10994764397905768,3.083961334452033,0.7666666666666667,0.2,0.2,nan,0.0003834580385653208,176,0
vanilla_updated_rm,0,10,full_rm,onehot,96,2,8,0.032666666666666476,-2.960174020131429,-0.3806666666666667,-0.5979057591623037,3.083961334452033,0.7666666666666667,0.2,0.2,nan,0.0008885182036618391,176,0
vanilla_updated_rm,0,10,full_rm,onehot,96,2,9,-0.023333333333333577,-2.3849878509839377,-0.43666666666666676,-0.6858638743455499,3.083961334452033,0.7666666666666667,0.2,0.2,nan,0.00017270622140594692,176,0
vanilla_updated_rm,0,10,full_rm,onehot,96,2,10,0.4526666666666665,-2.9878184616565706,0.0,0.0,2.9786382861435414,0.75,0.2,0.2,nan,0.0016818069374900286,224,1
vanilla_updated_rm,0,10,full_rm,onehot,96,2,11,0.6706666666666667,-2.813908052444458,0.0,0.0,2.9786382861435414,0.75,0.2,0.2,nan,0.0033127150365747987,224,0
vanilla_updated_rm,0,10,full_rm,onehot,96,2,12,0.7246666666666666,-3.1208568890889485,0.0,0.0,2.9786382861435414,0.75,0.2,0.2,nan,0.0010658879333127265,224,0
vanilla_updated_rm,0,10,full_rm,onehot,96,2,13,0.6173333333333333,-1.9993614594141642,-0.10733333333333328,-0.11322081575246125,2.9786382861435414,0.75,0.2,0.2,nan,0.000913778596214008,224,0
vanilla_updated_rm,0,10,full_rm,onehot,96,2,14,0.7693333333333333,-1.8120636860529582,0.0,0.0,2.9786382861435414,0.75,0.2,0.2,nan,0.00039287869924477714,224,0
vanilla_updated_rm,0,10,full_rm,onehot,96,2,15,0.8340000000000001,-4.288954567909241,0.0,0.0,4.896623706817627,0.7166666666666667,0.2,0.2,nan,0.005020825266810062,272,1
vanilla_updated_rm,0,10,full_rm,onehot,96,2,16,0.7959999999999999,-3.7143463850021363,-0.038000000000000145,-0.0359394703657,4.896623706817627,0.7166666666666667,0.2,0.2,nan,0.002721766430618811,272,0
vanilla_updated_rm,0,10,full_rm,onehot,96,2,17,0.8106666666666666,-3.5423213044802346,-0.023333333333333428,-0.022068095838587723,4.896623706817627,0.7166666666666667,0.2,0.2,nan,0.0010110263265550683,272,0
vanilla_updated_rm,0,10,full_rm,onehot,96,2,18,0.8386666666666666,-3.679194907347361,0.0,0.0,4.896623706817627,0.7166666666666667,0.2,0.2,nan,0.000782779340099315,272,0
vanilla_updated_rm,0,10,full_rm,onehot,96,2,19,0.8366666666666668,-4.775371742248535,-0.0019999999999997797,-0.0018832391713745568,4.896623706817627,0.7166666666666667,0.2,0.2,nan,0.000725254995359396,272,0
vanilla_updated_rm,0,10,full_rm,onehot,96,2,20,0.8693333333333333,-6.910798947016398,0.0,0.0,5.208850544691086,0.75,0.2,0.2,nan,0.004728043239614245,320,1
vanilla_updated_rm,0,10,full_rm,onehot,96,2,21,0.8593333333333332,-5.2087866306304935,-0.01000000000000012,-0.009151921903599864,5.208850544691086,0.75,0.2,0.2,nan,0.00359577281372217,320,0
vanilla_updated_rm,0,10,full_rm,onehot,96,2,22,0.8740000000000001,-6.34106072584788,0.0,0.0,5.208850544691086,0.75,0.2,0.2,nan,0.0004562836543557812,320,0
vanilla_updated_rm,0,10,full_rm,onehot,96,2,23,0.8719999999999999,-5.54274697303772,-0.002000000000000224,-0.001822600243013569,5.208850544691086,0.75,0.2,0.2,nan,0.0006336077063658197,320,0
vanilla_updated_rm,0,10,full_rm,onehot,96,2,24,0.8793333333333334,-6.248009530703227,0.0,0.0,5.208850544691086,0.75,0.2,0.2,nan,0.0013702671133037697,320,0
vanilla_updated_rm,1,10,full_rm,onehot,96,2,0,-0.5840000000000002,-2.6402745246887207,0.0,0.0,0.0,0.8333333333333334,0.2,0.2,nan,9.206053833097422e-05,128,0
vanilla_updated_rm,1,10,full_rm,onehot,96,2,1,0.1946666666666665,-2.829271411895752,0.0,0.0,0.0,0.8333333333333334,0.2,0.2,nan,0.0006088777873982839,128,0
vanilla_updated_rm,1,10,full_rm,onehot,96,2,2,0.15933333333333313,-3.2165686388810477,-0.035333333333333355,-0.04537671232876715,0.0,0.8333333333333334,0.2,0.2,nan,0.001212068149824509,128,0
vanilla_updated_rm,1,10,full_rm,onehot,96,2,3,0.05466666666666644,-2.8483343491951625,-0.14000000000000004,-0.17979452054794526,0.0,0.8333333333333334,0.2,0.2,nan,0.0004416073374816982,128,0
vanilla_updated_rm,1,10,full_rm,onehot,96,2,4,0.5359999999999999,-3.1129748225212097,0.0,0.0,0.0,0.8333333333333334,0.2,0.2,nan,0.0006441801186586358,128,0
vanilla_updated_rm,1,10,full_rm,onehot,96,2,5,0.7926666666666666,-1.7044071833292642,0.0,0.0,3.5653615638613703,0.8166666666666667,0.2,0.2,nan,0.002977512556248868,176,1
vanilla_updated_rm,1,10,full_rm,onehot,96,2,6,0.09799999999999982,-2.941195724407832,-0.6946666666666668,-0.5046004842615012,3.5653615638613703,0.8166666666666667,0.2,0.2,nan,0.0037331627874362793,176,0
vanilla_updated_rm,1,10,full_rm,onehot,96,2,7,0.44999999999999984,-2.1664680620034535,-0.3426666666666668,-0.24891041162227606,3.5653615638613703,0.8166666666666667,0.2,0.2,nan,0.0004522046106483398,176,0
vanilla_updated_rm,1,10,full_rm,onehot,96,2,8,0.4773333333333332,-0.9361798137426376,-0.3153333333333334,-0.22905569007263923,3.5653615638613703,0.8166666666666667,0.2,0.2,nan,0.0011460390930375806,176,0
vanilla_updated_rm,1,10,full_rm,onehot,96,2,9,0.4339999999999999,-2.5014533857504526,-0.35866666666666674,-0.26053268765133175,3.5653615638613703,0.8166666666666667,0.2,0.2,nan,0.0004128507490009925,176,0
vanilla_updated_rm,1,10,full_rm,onehot,96,2,10,0.7766666666666666,-3.422519979874293,-0.016000000000000014,-0.011622276029055698,5.2577641129493715,0.7833333333333333,0.2,0.2,nan,0.0054208929609811975,224,1
vanilla_updated_rm,1,10,full_rm,onehot,96,2,11,0.8253333333333333,-2.673516012231509,0.0,0.0,5.2577641129493715,0.7833333333333333,0.2,0.2,nan,0.0007145164452394919,224,0
vanilla_updated_rm,1,10,full_rm,onehot,96,2,12,0.8320000000000001,-3.3646964192390443,0.0,0.0,5.2577641129493715,0.7833333333333333,0.2,0.2,nan,0.00026629231493636535,224,0
vanilla_updated_rm,1,10,full_rm,onehot,96,2,13,0.8246666666666668,-3.3188877513011295,-0.007333333333333303,-0.0051789077212805795,5.2577641129493715,0.7833333333333333,0.2,0.2,nan,0.0003518127737595911,224,0
vanilla_updated_rm,1,10,full_rm,onehot,96,2,14,0.8253333333333333,-1.8620579957962036,-0.006666666666666821,-0.004708097928437019,5.2577641129493715,0.7833333333333333,0.2,0.2,nan,0.0012088840554727155,224,0
vanilla_updated_rm,1,10,full_rm,onehot,96,2,15,0.8273333333333333,-4.888904507954916,-0.004666666666666819,-0.003295668549905945,6.0181316658854485,0.7833333333333333,0.2,0.2,nan,0.007510412112727458,272,1
vanilla_updated_rm,1,10,full_rm,onehot,96,2,16,0.8486666666666666,-4.125906558831533,0.0,0.0,6.0181316658854485,0.7833333333333333,0.2,0.2,nan,0.0016340660957013932,272,0
vanilla_updated_rm,1,10,full_rm,onehot,96,2,17,0.844,-2.779486684004466,-0.004666666666666597,-0.003257328990227964,6.0181316658854485,0.7833333333333333,0.2,0.2,nan,0.0019242097590806047,272,0
vanilla_updated_rm,1,10,full_rm,onehot,96,2,18,0.8466666666666665,-3.4879958669344586,-0.002000000000000113,-0.001395998138669227,6.0181316658854485,0.7833333333333333,0.2,0.2,nan,0.00412710418426233,272,0
vanilla_updated_rm,1,10,full_rm,onehot,96,2,19,0.8573333333333333,-4.453510888417562,0.0,0.0,6.0181316658854485,0.7833333333333333,0.2,0.2,nan,0.00037075028838781047,272,0
vanilla_updated_rm,1,10,full_rm,onehot,96,2,20,0.9006666666666666,-5.272907694180806,0.0,0.0,7.2362297713756565,0.7666666666666667,0.2,0.2,nan,0.007028930843489816,320,1
vanilla_updated_rm,1,10,full_rm,onehot,96,2,21,0.8806666666666667,-6.685704596837362,-0.019999999999999907,-0.013471037269869717,7.2362297713756565,0.7666666666666667,0.2,0.2,nan,0.0007268132856228762,320,0
vanilla_updated_rm,1,10,full_rm,onehot,96,2,22,0.8666666666666669,-7.51883241335551,-0.0339999999999997,-0.02290076335877842,7.2362297713756565,0.7666666666666667,0.2,0.2,nan,0.0005167176878577275,320,0
vanilla_updated_rm,1,10,full_rm,onehot,96,2,23,0.9053333333333333,-6.212603108088175,0.0,0.0,7.2362297713756565,0.7666666666666667,0.2,0.2,nan,0.0020857822444975693,320,0
vanilla_updated_rm,1,10,full_rm,onehot,96,2,24,0.8726666666666667,-5.665826606750488,-0.03266666666666662,-0.021933751119068902,7.2362297713756565,0.7666666666666667,0.2,0.2,nan,0.004863681967133021,320,0
vanilla_updated_rm,2,10,full_rm,onehot,96,2,0,-0.15133333333333354,-3.2233159065246584,0.0,0.0,0.0,0.8,0.2,0.2,nan,0.0001920331965266395,128,0
vanilla_updated_rm,2,10,full_rm,onehot,96,2,1,-0.19266666666666696,-2.1747539699077607,-0.041333333333333416,0.0,0.0,0.8,0.2,0.2,nan,0.00032754656737041254,128,0
vanilla_updated_rm,2,10,full_rm,onehot,96,2,2,-0.21200000000000022,0.26733208298683164,-0.060666666666666674,0.0,0.0,0.8,0.2,0.2,nan,0.0005849712373573704,128,0
vanilla_updated_rm,2,10,full_rm,onehot,96,2,3,-0.1980000000000003,-1.5308231194814046,-0.046666666666666745,0.0,0.0,0.8,0.2,0.2,nan,0.00016036130152021703,128,0
vanilla_updated_rm,2,10,full_rm,onehot,96,2,4,-0.35000000000000037,-1.4023893733819326,-0.19866666666666682,0.0,0.0,0.8,0.2,0.2,nan,0.0001710964627980254,128,0
vanilla_updated_rm,2,10,full_rm,onehot,96,2,5,0.5193333333333332,-0.06398940483729045,0.0,0.0,4.627316475659609,0.8333333333333334,0.2,0.2,nan,0.0043666812978750535,176,1
vanilla_updated_rm,2,10,full_rm,onehot,96,2,6,0.5613333333333332,-1.049884178241094,0.0,0.0,4.627316475659609,0.8333333333333334,0.2,0.2,nan,0.0006262593950751942,176,0
vanilla_updated_rm,2,10,full_rm,onehot,96,2,7,0.6406666666666665,-0.6379731337229411,0.0,0.0,4.627316475659609,0.8333333333333334,0.2,0.2,nan,0.0014331363112775484,176,0
vanilla_updated_rm,2,10,full_rm,onehot,96,2,8,0.5526666666666665,-1.6430178205172221,-0.08799999999999997,-0.11111111111111106,4.627316475659609,0.8333333333333334,0.2,0.2,nan,0.0005993591969654593,176,0
vanilla_updated_rm,2,10,full_rm,onehot,96,2,9,0.14933333333333315,-2.089836750427882,-0.49133333333333334,-0.6203703703703703,4.627316475659609,0.8333333333333334,0.2,0.2,nan,0.0005649277898480625,176,0
vanilla_updated_rm,2,10,full_rm,onehot,96,2,10,0.7866666666666667,-3.048771383364995,0.0,0.0,4.9878180712461475,0.8666666666666667,0.2,0.2,nan,0.00913040638427445,224,1
vanilla_updated_rm,2,10,full_rm,onehot,96,2,11,0.6833333333333333,-2.670700193941593,-0.10333333333333339,-0.11016346837242362,4.9878180712461475,0.8666666666666667,0.2,0.2,nan,0.0008898731202105985,224,0
vanilla_updated_rm,2,10,full_rm,onehot,96,2,12,0.7906666666666666,-2.139104127883911,0.0,0.0,4.9878180712461475,0.8666666666666667,0.2,0.2,nan,0.0014046979072951538,224,0
vanilla_updated_rm,2,10,full_rm,onehot,96,2,13,0.614,-3.186519805590312,-0.17666666666666664,-0.18754423213021934,4.9878180712461475,0.8666666666666667,0.2,0.2,nan,0.00161265190160998,224,0
vanilla_updated_rm,2,10,full_rm,onehot,96,2,14,0.7353333333333334,-3.371278326710065,-0.055333333333333234,-0.05874026893135162,4.9878180712461475,0.8666666666666667,0.2,0.2,nan,0.0006361253603903284,224,0
vanilla_updated_rm,2,10,full_rm,onehot,96,2,15,0.8373333333333334,-5.204663558801015,0.0,0.0,4.669848766922951,0.8666666666666667,0.2,0.2,nan,0.007316623645541405,272,1
vanilla_updated_rm,2,10,full_rm,onehot,96,2,16,0.8166666666666668,-5.084286940097809,-0.02066666666666661,-0.0209035738368172,4.669848766922951,0.8666666666666667,0.2,0.2,nan,0.008692953881867384,272,0
vanilla_updated_rm,2,10,full_rm,onehot,96,2,17,0.8573333333333334,-3.3553960526982944,0.0,0.0,4.669848766922951,0.8666666666666667,0.2,0.2,nan,0.0027344561072423007,272,0
vanilla_updated_rm,2,10,full_rm,onehot,96,2,18,0.8266666666666665,-3.5095291857918105,-0.030666666666666842,-0.0304031725049572,4.669848766922951,0.8666666666666667,0.2,0.2,nan,0.002044735108029704,272,0
vanilla_updated_rm,2,10,full_rm,onehot,96,2,19,0.8399999999999999,-4.182906611760457,-0.017333333333333534,-0.017184401850628084,4.669848766922951,0.8666666666666667,0.2,0.2,nan,0.00325042065161274,272,0
vanilla_updated_rm,2,10,full_rm,onehot,96,2,20,0.8866666666666667,-7.346526849269867,0.0,0.0,7.911567771434784,0.8666666666666667,0.2,0.2,nan,0.0020276428556122686,320,1
vanilla_updated_rm,2,10,full_rm,onehot,96,2,21,0.8826666666666666,-4.9948569695154825,-0.004000000000000115,-0.003853564547206275,7.911567771434784,0.8666666666666667,0.2,0.2,nan,0.0017222782809976694,320,0
vanilla_updated_rm,2,10,full_rm,onehot,96,2,22,0.884,-5.965908777713776,-0.002666666666666706,-0.0025690430314708143,7.911567771434784,0.8666666666666667,0.2,0.2,nan,0.0015566449503746544,320,0
vanilla_updated_rm,2,10,full_rm,onehot,96,2,23,0.8599999999999999,-4.193129309018453,-0.02666666666666684,-0.02569043031470793,7.911567771434784,0.8666666666666667,0.2,0.2,nan,0.0016623024650425859,320,0
vanilla_updated_rm,2,10,full_rm,onehot,96,2,24,0.8533333333333334,-4.566817017396291,-0.033333333333333326,-0.0321130378933847,7.911567771434784,0.8666666666666667,0.2,0.2,nan,0.002906799834616657,320,0
fixed_rm_critic_clip,0,10,full_rm,onehot,96,2,0,-0.2233333333333336,-1.8885416408379874,0.0,0.0,0.0,0.7833333333333333,0.23884320259094238,0.25,1.1156797409057617,0.00014047799889899435,128,0
fixed_rm_critic_clip,0,10,full_rm,onehot,96,2,1,-0.2593333333333336,-0.560210294276476,-0.035999999999999976,0.0,0.0,0.7833333333333333,0.24042171478271485,0.25,0.9578285217285156,5.882516754244905e-05,128,0
fixed_rm_critic_clip,0,10,full_rm,onehot,96,2,2,-0.06466666666666689,-1.5937240213155746,0.0,0.0,0.0,0.7833333333333333,0.23640404105186463,0.25,1.3595958948135376,0.00039219177789272095,128,0
fixed_rm_critic_clip,0,10,full_rm,onehot,96,2,3,-0.28600000000000025,-1.9990964074929556,-0.22133333333333338,-1.394957983193277,0.0,0.7833333333333333,0.23902087926864624,0.25,1.097912073135376,7.340863602214555e-05,128,0
fixed_rm_critic_clip,0,10,full_rm,onehot,96,2,4,-0.24866666666666692,-0.6735309739907582,-0.18400000000000005,-1.1596638655462184,0.0,0.7833333333333333,0.23851856589317322,0.25,1.1481434106826782,2.2211257601230848e-05,128,0
fixed_rm_critic_clip,0,10,full_rm,onehot,96,2,5,0.2866666666666664,-0.891387540102005,0.0,0.0,0.0,0.7833333333333333,0.24018337249755858,0.25,0.9816627502441406,0.0002558329542871638,128,0
fixed_rm_critic_clip,0,10,full_rm,onehot,96,2,6,0.0399999999999998,-0.04586923321088155,-0.2466666666666666,-0.4836601307189541,0.0,0.7833333333333333,0.23975786089897155,0.25,1.0242139101028442,0.0001816989587332982,128,0
fixed_rm_critic_clip,0,10,full_rm,onehot,96,2,7,0.4859999999999998,-0.09653888444105783,0.0,0.0,0.0,0.7833333333333333,0.24221172869205476,0.25,0.7788271307945251,0.00013581820089337345,128,0
fixed_rm_critic_clip,0,10,full_rm,onehot,96,2,8,0.3739999999999999,-0.7544484376907349,-0.11199999999999993,-0.15789473684210517,0.0,0.7833333333333333,0.24185050189495086,0.25,0.8149498105049133,4.9123488032154494e-05,128,0
fixed_rm_critic_clip,0,10,full_rm,onehot,96,2,9,0.3659999999999999,0.4336316794157028,-0.11999999999999994,-0.16917293233082698,0.0,0.7833333333333333,0.24062585353851318,0.25,0.9374146461486816,0.00041042537084175364,128,0
fixed_rm_critic_clip,0,10,full_rm,onehot,96,2,10,0.4273333333333331,0.134775044520696,-0.0586666666666667,-0.08270676691729327,0.0,0.7833333333333333,0.24132405936717988,0.25,0.8675940632820129,7.012460835817413e-05,128,0
fixed_rm_critic_clip,0,10,full_rm,onehot,96,2,11,0.24999999999999986,0.7891084869702657,-0.23599999999999996,-0.3327067669172932,0.0,0.7833333333333333,0.24110845744609832,0.25,0.8891542553901672,0.0001257229308876241,128,0
fixed_rm_critic_clip,0,10,full_rm,onehot,96,2,12,0.6920000000000001,-0.5182251811027527,0.0,0.0,0.0,0.7833333333333333,0.24281961917877198,0.25,0.7180380821228027,0.0002344975446503281,128,0
fixed_rm_critic_clip,0,10,full_rm,onehot,96,2,13,0.4913333333333332,0.08102801740169525,-0.20066666666666688,-0.2192279679533869,0.0,0.7833333333333333,0.24122168481349945,0.25,0.8778315186500549,7.935533003307195e-05,128,0
fixed_rm_critic_clip,0,10,full_rm,onehot,96,2,14,0.41333333333333316,0.25802398125330606,-0.2786666666666669,-0.3044428259286236,0.0,0.7833333333333333,0.24072378873825073,0.25,0.9276211261749268,0.00034458947370957164,128,0
fixed_rm_critic_clip,0,10,full_rm,onehot,96,2,15,0.4953333333333332,1.5314854164918263,-0.19666666666666688,-0.2148579752367081,0.0,0.7833333333333333,0.24164127349853515,0.25,0.8358726501464844,0.00030328984852061774,128,0
fixed_rm_critic_clip,0,10,full_rm,onehot,96,2,16,0.4326666666666666,1.3706101914246878,-0.25933333333333347,-0.28332119446467596,0.0,0.7833333333333333,0.24133145809173584,0.25,0.866854190826416,0.0007903125870902497,128,0
fixed_rm_critic_clip,0,10,full_rm,onehot,96,2,17,0.38999999999999985,1.6734443386395772,-0.3020000000000002,-0.32993445010924993,0.0,0.7833333333333333,0.2431536680459976,0.25,0.684633195400238,0.00016126523171867198,128,0
fixed_rm_critic_clip,0,10,full_rm,onehot,96,2,18,0.2286666666666665,1.594595472017924,-0.4633333333333336,-0.506190823015295,0.0,0.7833333333333333,0.23750315904617308,0.25,1.2496840953826904,0.0009930927184632066,128,0
fixed_rm_critic_clip,0,10,full_rm,onehot,96,2,19,-0.0200000000000002,3.3695667664210003,-0.7120000000000003,-0.7778587035688275,0.0,0.7833333333333333,0.23674145340919495,0.25,1.3258546590805054,0.0022682240480412967,128,0
fixed_rm_critic_clip,0,10,full_rm,onehot,96,2,20,-0.1993333333333336,4.858983496824901,-0.8913333333333336,-0.9737800436999271,0.0,0.7833333333333333,0.23364192008972168,0.25,1.635807991027832,0.000995917629779991,128,0
fixed_rm_critic_clip,0,10,full_rm,onehot,96,2,21,-0.2720000000000003,4.426317310333252,-0.9640000000000004,-1.0531682447195923,0.0,0.7833333333333333,0.22825135469436644,0.25,2.1748645305633545,0.0035857464688688334,128,0
fixed_rm_critic_clip,0,10,full_rm,onehot,96,2,22,-0.4200000000000003,3.434466818968455,-1.1120000000000003,-1.214857975236708,0.0,0.7833333333333333,0.22146734952926636,0.25,2.8532650470733643,0.0038999416645616736,128,0
fixed_rm_critic_clip,0,10,full_rm,onehot,96,2,23,-0.4160000000000003,8.34416578610738,-1.1080000000000003,-1.210487982520029,0.0,0.7833333333333333,0.22786282777786254,0.25,2.213717222213745,0.004847564900754124,128,0
fixed_rm_critic_clip,0,10,full_rm,onehot,96,2,24,-0.24866666666666692,5.350392260154089,-0.940666666666667,-1.0276766205389658,0.0,0.7833333333333333,0.2278728437423706,0.25,2.2127156257629395,0.0038212175307362206,128,0
fixed_rm_critic_clip,1,10,full_rm,onehot,96,2,0,-0.5840000000000002,-2.6402745246887207,0.0,0.0,0.0,0.8333333333333334,0.23032713294029236,0.25,1.9672867059707642,9.206053833097422e-05,128,0
fixed_rm_critic_clip,1,10,full_rm,onehot,96,2,1,0.1946666666666665,-2.829271411895752,0.0,0.0,0.0,0.8333333333333334,0.22929790496826172,0.25,2.070209503173828,0.0006088777873982839,128,0
fixed_rm_critic_clip,1,10,full_rm,onehot,96,2,2,0.15933333333333313,-3.2165686388810477,-0.035333333333333355,-0.04537671232876715,0.0,0.8333333333333334,0.23911784768104552,0.25,1.0882152318954468,0.001212068149824509,128,0
fixed_rm_critic_clip,1,10,full_rm,onehot,96,2,3,0.05466666666666644,-2.8483343491951625,-0.14000000000000004,-0.17979452054794526,0.0,0.8333333333333334,0.23644315123558043,0.25,1.3556848764419556,0.0004416073374816982,128,0
fixed_rm_critic_clip,1,10,full_rm,onehot,96,2,4,0.5359999999999999,-3.1129748225212097,0.0,0.0,0.0,0.8333333333333334,0.23624865531921388,0.25,1.3751344680786133,0.0006441801186586358,128,0
fixed_rm_critic_clip,1,10,full_rm,onehot,96,2,5,0.6493333333333332,-1.5292871539791426,0.0,0.0,0.0,0.8333333333333334,0.2337507438659668,0.25,1.6249256134033203,0.0008134594645274391,128,0
fixed_rm_critic_clip,1,10,full_rm,onehot,96,2,6,0.3313333333333332,-2.5044771869977316,-0.318,-0.2578378378378378,0.0,0.8333333333333334,0.23981433391571044,0.25,1.018566608428955,0.0007498827132825267,128,0
fixed_rm_critic_clip,1,10,full_rm,onehot,96,2,7,0.3866666666666665,-0.8289572079976399,-0.2626666666666667,-0.212972972972973,0.0,0.8333333333333334,0.24007128059864044,0.25,0.9928719401359558,0.0008210633048091547,128,0
fixed_rm_critic_clip,1,10,full_rm,onehot,96,2,8,0.5019999999999998,-1.4055345912774404,-0.14733333333333343,-0.11945945945945953,0.0,0.8333333333333334,0.24146871387958527,0.25,0.8531286120414734,0.00042087972517251517,128,0
fixed_rm_critic_clip,1,10,full_rm,onehot,96,2,9,0.4646666666666666,-1.8409831712643305,-0.1846666666666666,-0.14972972972972967,0.0,0.8333333333333334,0.24389197170734406,0.25,0.6108028292655945,0.0004131053686429033,128,0
fixed_rm_critic_clip,1,10,full_rm,onehot,96,2,10,0.6673333333333334,-1.1372550090154012,0.0,0.0,0.0,0.8333333333333334,0.24077203750610351,0.25,0.9227962493896484,0.0014654106175588347,128,0
fixed_rm_critic_clip,1,10,full_rm,onehot,96,2,11,0.49399999999999983,-0.86420938372612,-0.17333333333333362,-0.13851891315929693,0.0,0.8333333333333334,0.24246203839778901,0.25,0.7537961602210999,0.0009391326665688772,128,0
fixed_rm_critic_clip,1,10,full_rm,onehot,96,2,12,0.6286666666666665,0.013552530606587728,-0.03866666666666696,-0.030900372935535655,0.0,0.8333333333333334,0.24319960832595824,0.25,0.6800391674041748,0.0007230738744397829,128,0
fixed_rm_critic_clip,1,10,full_rm,onehot,96,2,13,0.7193333333333332,-1.0152265076835951,0.0,0.0,0.0,0.8333333333333334,0.24376123666763305,0.25,0.6238763332366943,0.00017861749118720333,128,0
fixed_rm_critic_clip,1,10,full_rm,onehot,96,2,14,0.7066666666666667,-0.34866836865743,-0.012666666666666493,-0.009718670076726211,0.0,0.8333333333333334,0.24338215291500093,0.25,0.6617847084999084,0.0006215064714437638,128,0
fixed_rm_critic_clip,1,10,full_rm,onehot,96,2,15,0.786,-0.9177291264136632,0.0,0.0,0.0,0.8333333333333334,0.2442470222711563,0.25,0.5752977728843689,0.00017656541458205586,128,0
fixed_rm_critic_clip,1,10,full_rm,onehot,96,2,16,0.6593333333333332,-0.8783992360035578,-0.12666666666666682,-0.0924574209245743,0.0,0.8333333333333334,0.2458341297507286,0.25,0.4165870249271393,0.00013868180683929143,128,0
fixed_rm_critic_clip,1,10,full_rm,onehot,96,2,17,0.6873333333333332,-0.390908275047938,-0.09866666666666679,-0.07201946472019473,0.0,0.8333333333333334,0.2455277308821678,0.25,0.4472269117832184,0.0005031122785290332,128,0
fixed_rm_critic_clip,1,10,full_rm,onehot,96,2,18,0.7766666666666665,-0.731777427593867,-0.009333333333333527,-0.006812652068126661,0.0,0.8333333333333334,0.2415987879037857,0.25,0.8401212096214294,0.001435470665083424,128,0
fixed_rm_critic_clip,1,10,full_rm,onehot,96,2,19,0.7799999999999999,-0.10159166157245636,-0.006000000000000116,-0.004379562043795705,0.0,0.8333333333333334,0.24506579995155334,0.25,0.4934200048446655,0.0006419845684352524,128,0
fixed_rm_critic_clip,1,10,full_rm,onehot,96,2,20,0.8146666666666665,-0.6483253131310145,0.0,0.0,0.0,0.8333333333333334,0.24132852256298065,0.25,0.8671477437019348,0.0006709625743612564,128,0
fixed_rm_critic_clip,1,10,full_rm,onehot,96,2,21,0.6933333333333332,0.7314838737249374,-0.1213333333333333,-0.08674928503336508,0.0,0.8333333333333334,0.24302732229232787,0.25,0.6972677707672119,0.0006912028093719109,128,0
fixed_rm_critic_clip,1,10,full_rm,onehot,96,2,22,0.7239999999999999,0.30682106812795,-0.09066666666666667,-0.06482364156339371,0.0,0.8333333333333334,0.24425097525119782,0.25,0.5749024748802185,0.0006647762056232928,128,0
fixed_rm_critic_clip,1,10,full_rm,onehot,96,2,23,0.22399999999999978,0.24369560877482097,-0.5906666666666668,-0.4223069590085797,0.0,0.8333333333333334,0.24468028485774995,0.25,0.5319715142250061,0.0009690142651256339,128,0
fixed_rm_critic_clip,1,10,full_rm,onehot,96,2,24,0.5993333333333333,1.5816523432731628,-0.21533333333333327,-0.15395614871306001,0.0,0.8333333333333334,0.2393415927886963,0.25,1.065840721130371,0.002608491346993727,128,0
fixed_rm_critic_clip,2,10,full_rm,onehot,96,2,0,-0.15133333333333354,-3.2233159065246584,0.0,0.0,0.0,0.8,0.23430950164794923,0.25,1.5690498352050781,0.0001920331965266395,128,0
fixed_rm_critic_clip,2,10,full_rm,onehot,96,2,1,-0.19266666666666696,-2.1747539699077607,-0.041333333333333416,0.0,0.0,0.8,0.2362339651584625,0.25,1.3766034841537476,0.00032754656737041254,128,0
fixed_rm_critic_clip,2,10,full_rm,onehot,96,2,2,-0.21200000000000022,0.26733208298683164,-0.060666666666666674,0.0,0.0,0.8,0.23929247856140137,0.25,1.0707521438598633,0.0005849712373573704,128,0
fixed_rm_critic_clip,2,10,full_rm,onehot,96,2,3,-0.1980000000000003,-1.5308231194814046,-0.046666666666666745,0.0,0.0,0.8,0.240660120844841,0.25,0.9339879155158997,0.00016036130152021703,128,0
fixed_rm_critic_clip,2,10,full_rm,onehot,96,2,4,-0.35000000000000037,-1.4023893733819326,-0.19866666666666682,0.0,0.0,0.8,0.23931131958961488,0.25,1.0688680410385132,0.0001710964627980254,128,0
fixed_rm_critic_clip,2,10,full_rm,onehot,96,2,5,-0.004666666666666893,0.4196861783663432,0.0,0.0,0.0,0.8,0.23691709399223326,0.25,1.3082906007766724,0.0004093801999956521,128,0
fixed_rm_critic_clip,2,10,full_rm,onehot,96,2,6,0.23933333333333315,-0.520645513633887,0.0,0.0,0.0,0.8,0.24088739812374116,0.25,0.911260187625885,8.760447831935672e-05,128,0
fixed_rm_critic_clip,2,10,full_rm,onehot,96,2,7,0.5693333333333331,0.2646133025487264,0.0,0.0,0.0,0.8,0.24162330627441406,0.25,0.8376693725585938,0.0009706275407350572,128,0
fixed_rm_critic_clip,2,10,full_rm,onehot,96,2,8,0.4226666666666665,0.1795023520787557,-0.1466666666666666,-0.2035152636447733,0.0,0.8,0.23969076752662657,0.25,1.0309232473373413,0.0003055276082921943,128,0
fixed_rm_critic_clip,2,10,full_rm,onehot,96,2,9,0.23466666666666647,-0.6106909463802973,-0.33466666666666667,-0.46438482886216464,0.0,0.8,0.24014871776103974,0.25,0.9851282238960266,0.0017452809045154258,128,0
fixed_rm_critic_clip,2,10,full_rm,onehot,96,2,10,0.44333333333333325,1.2932338734467825,-0.1259999999999999,-0.17483811285846423,0.0,0.8,0.23499635338783265,0.25,1.5003646612167358,0.0010867037485192256,128,0
fixed_rm_critic_clip,2,10,full_rm,onehot,96,2,11,0.2533333333333332,0.7085944230357806,-0.31599999999999995,-0.43848288621646614,0.0,0.8,0.23608535647392273,0.25,1.391464352607727,0.0009637794054369905,128,0
fixed_rm_critic_clip,2,10,full_rm,onehot,96,2,12,-0.1513333333333336,2.459138867755731,-0.7206666666666668,-1.0000000000000002,0.0,0.8,0.23646420121192932,0.25,1.3535798788070679,0.0034875061437056537,128,0
fixed_rm_critic_clip,2,10,full_rm,onehot,96,2,13,0.4359999999999998,3.3193306744098665,-0.13333333333333336,-0.18501387604070307,0.0,0.8,0.22940348386764525,0.25,2.0596516132354736,0.0074007660578750195,128,0
fixed_rm_critic_clip,2,10,full_rm,onehot,96,2,14,0.45533333333333315,4.413311571379503,-0.11399999999999999,-0.1581868640148011,0.0,0.8,0.23651663184165955,0.25,1.3483368158340454,0.0036062683419183133,128,0
fixed_rm_critic_clip,2,10,full_rm,onehot,96,2,15,0.28533333333333316,6.718583915134271,-0.284,-0.39407955596669747,0.0,0.8,0.21757183074951172,0.25,3.242816925048828,0.006971526139245575,128,0
fixed_rm_critic_clip,2,10,full_rm,onehot,96,2,16,0.1459999999999998,4.295422326525053,-0.42333333333333334,-0.5874190564292322,0.0,0.8,0.22232943296432495,0.25,2.767056703567505,0.00587920533037838,128,0
fixed_rm_critic_clip,2,10,full_rm,onehot,96,2,17,-0.406666666666667,4.898895528912544,-0.9760000000000002,-1.3543015726179466,0.0,0.8,0.2239420485496521,0.25,2.60579514503479,0.008981206876544353,128,0
fixed_rm_critic_clip,2,10,full_rm,onehot,96,2,18,-0.1486666666666669,11.618672308325767,-0.718,-0.9962997224791859,0.0,0.8,0.21010509490966797,0.25,3.989490509033203,0.005844459051420362,128,0
fixed_rm_critic_clip,2,10,full_rm,onehot,96,2,19,-0.6000000000000003,6.839112808307012,-1.1693333333333333,-1.6225716928769658,0.0,0.8,0.22867627382278444,0.25,2.1323726177215576,0.008039840571478366,128,0
fixed_rm_critic_clip,2,10,full_rm,onehot,96,2,20,-0.49333333333333373,11.528416734933852,-1.0626666666666669,-1.4745605920444036,0.0,0.8,0.1983051347732544,0.25,5.1694865226745605,0.00492868978552844,128,0
fixed_rm_critic_clip,2,10,full_rm,onehot,96,2,21,-0.40000000000000036,11.21032604475816,-0.9693333333333335,-1.3450508788159115,0.0,0.8,0.19496801853179932,0.25,5.503198146820068,0.0014409016337457571,128,0
fixed_rm_critic_clip,2,10,full_rm,onehot,96,2,22,-0.5280000000000004,14.366123022635778,-1.0973333333333335,-1.5226641998149864,0.0,0.8,0.20763080596923827,0.25,4.236919403076172,0.0007590664465564273,128,0
fixed_rm_critic_clip,2,10,full_rm,onehot,96,2,23,-0.14800000000000024,5.886151893933614,-0.7173333333333334,-0.9953746530989824,0.0,0.8,0.20007872104644775,0.25,4.992127895355225,0.0008595637992686126,128,0
fixed_rm_critic_clip,2,10,full_rm,onehot,96,2,24,0.1166666666666665,10.955613619089126,-0.45266666666666666,-0.6281221091581869,0.0,0.8,0.19060823917388917,0.25,5.939176082611084,0.0042638285501717665,128,0
adaptive_clip,0,10,full_rm,onehot,96,2,0,-0.2233333333333336,-1.8885416408379874,0.0,0.0,0.0,0.7833333333333333,0.23884320259094238,0.25,1.1156797409057617,0.00014047799889899435,128,0
adaptive_clip,0,10,full_rm,onehot,96,2,1,-0.2593333333333336,-0.560210294276476,-0.035999999999999976,0.0,0.0,0.7833333333333333,0.24042171478271485,0.25,0.9578285217285156,5.882516754244905e-05,128,0
adaptive_clip,0,10,full_rm,onehot,96,2,2,-0.06466666666666689,-1.5937240213155746,0.0,0.0,0.0,0.7833333333333333,0.23640404105186463,0.25,1.3595958948135376,0.00039219177789272095,128,0
adaptive_clip,0,10,full_rm,onehot,96,2,3,-0.28600000000000025,-1.9990964074929556,-0.22133333333333338,-1.394957983193277,0.0,0.7833333333333333,0.23902087926864624,0.25,1.097912073135376,7.340863602214555e-05,128,0
adaptive_clip,0,10,full_rm,onehot,96,2,4,-0.24866666666666692,-0.6735309739907582,-0.18400000000000005,-1.1596638655462184,0.0,0.7833333333333333,0.23851856589317322,0.25,1.1481434106826782,2.2211257601230848e-05,128,0
adaptive_clip,0,10,full_rm,onehot,96,2,5,0.2293333333333331,-3.398357013861338,0.0,0.0,3.083961334452033,0.7666666666666667,0.13754315972328185,0.15,2.491368055343628,0.0019023517147111943,176,1
adaptive_clip,0,10,full_rm,onehot,96,2,6,0.3299999999999998,-0.5043726205825806,0.0,0.0,3.083961334452033,0.7666666666666667,0.13689841270446776,0.15,2.6203174591064453,0.0007321753687267883,176,0
adaptive_clip,0,10,full_rm,onehot,96,2,7,0.19466666666666643,-3.196828120946884,-0.13533333333333336,-0.24457831325301205,3.083961334452033,0.7666666666666667,0.143938889503479,0.15,1.2122220993041992,0.000137735070028338,176,0
adaptive_clip,0,10,full_rm,onehot,96,2,8,-0.12600000000000022,-2.7011571407318113,-0.456,-0.8240963855421686,3.083961334452033,0.7666666666666667,0.13754202246665953,0.15,2.491595506668091,0.00019971649143086926,176,0
adaptive_clip,0,10,full_rm,onehot,96,2,9,-0.07000000000000021,-0.12271387577056884,-0.4,-0.7228915662650601,3.083961334452033,0.7666666666666667,0.14574785947799682,0.15,0.8504281044006348,7.402309197528872e-05,176,0
adaptive_clip,0,10,full_rm,onehot,96,2,10,0.4026666666666665,-3.172580233216286,0.0,0.0,2.6949014373123648,0.7833333333333333,0.2256082320213318,0.25,2.4391767978668213,0.0022801996437889676,224,1
adaptive_clip,0,10,full_rm,onehot,96,2,11,0.37799999999999984,-2.212397348880768,-0.02466666666666667,-0.039403620873269436,2.6949014373123648,0.7833333333333333,0.22838436603546142,0.25,2.1615633964538574,0.0010580784524261513,224,0
adaptive_clip,0,10,full_rm,onehot,96,2,12,0.5019999999999999,-1.356761598587036,0.0,0.0,2.6949014373123648,0.7833333333333333,0.2368961727619171,0.25,1.3103827238082886,0.0007242013186771663,224,0
adaptive_clip,0,10,full_rm,onehot,96,2,13,0.5053333333333332,-3.0698445002237955,0.0,0.0,2.6949014373123648,0.7833333333333333,0.2357726776599884,0.25,1.4227322340011597,0.000535115513658276,224,0
adaptive_clip,0,10,full_rm,onehot,96,2,14,0.5299999999999998,-2.2658817489941914,0.0,0.0,2.6949014373123648,0.7833333333333333,0.22788193702697754,0.25,2.211806297302246,0.0008876717836303061,224,0
adaptive_clip,0,10,full_rm,onehot,96,2,15,0.8666666666666668,-3.9849021275838217,0.0,0.0,3.1772202491760253,0.75,0.1391875720024109,0.15,2.1624855995178223,0.003856654378599571,272,1
adaptive_clip,0,10,full_rm,onehot,96,2,16,0.7859999999999999,-4.994390108187994,-0.08066666666666689,-0.07400611620795125,3.1772202491760253,0.75,0.14361670553684233,0.15,1.2766588926315308,0.0006706218520349003,272,0
adaptive_clip,0,10,full_rm,onehot,96,2,17,0.844,-2.9219224015871683,-0.022666666666666835,-0.020795107033639293,3.1772202491760253,0.75,0.14535642236471175,0.15,0.9287155270576477,0.0006489615169713427,272,0
adaptive_clip,0,10,full_rm,onehot,96,2,18,0.8586666666666666,-5.094651508331299,-0.00800000000000023,-0.007339449541284612,3.1772202491760253,0.75,0.14539642333984373,0.15,0.92071533203125,0.0008488284108682304,272,0
adaptive_clip,0,10,full_rm,onehot,96,2,19,0.8006666666666665,-2.5685372173786165,-0.06600000000000028,-0.06055045871559657,3.1772202491760253,0.75,0.1455095973610878,0.15,0.8980805277824402,0.0003160991351354046,272,0
adaptive_clip,0,10,full_rm,onehot,96,2,20,0.8739999999999999,-4.53140877087911,0.0,0.0,4.7779955714941025,0.7333333333333333,0.1363935887813568,0.15,2.7212822437286377,0.00713267052914426,320,1
adaptive_clip,0,10,full_rm,onehot,96,2,21,0.8586666666666666,-5.352652974923452,-0.01533333333333331,-0.013973268529769114,4.7779955714941025,0.7333333333333333,0.14111790657043458,0.15,1.776418685913086,0.0020644716075067576,320,0
adaptive_clip,0,10,full_rm,onehot,96,2,22,0.8666666666666666,-4.665672822793325,-0.007333333333333303,-0.006682867557715646,4.7779955714941025,0.7333333333333333,0.14239056825637816,0.15,1.5218863487243652,0.002679827914057341,320,0
adaptive_clip,0,10,full_rm,onehot,96,2,23,0.851333333333333,-5.355458807945252,-0.022666666666666835,-0.020656136087484962,4.7779955714941025,0.7333333333333333,0.1433743155002594,0.15,1.3251368999481201,0.001927697933853118,320,0
adaptive_clip,0,10,full_rm,onehot,96,2,24,0.8679999999999999,-4.605991268157959,-0.006000000000000005,-0.005467800729040101,4.7779955714941025,0.7333333333333333,0.14242441475391387,0.15,1.5151170492172241,0.0024996301159366397,320,0
adaptive_clip,1,10,full_rm,onehot,96,2,0,-0.5840000000000002,-2.6402745246887207,0.0,0.0,0.0,0.8333333333333334,0.23032713294029236,0.25,1.9672867059707642,9.206053833097422e-05,128,0
adaptive_clip,1,10,full_rm,onehot,96,2,1,0.1946666666666665,-2.829271411895752,0.0,0.0,0.0,0.8333333333333334,0.22929790496826172,0.25,2.070209503173828,0.0006088777873982839,128,0
adaptive_clip,1,10,full_rm,onehot,96,2,2,0.15933333333333313,-3.2165686388810477,-0.035333333333333355,-0.04537671232876715,0.0,0.8333333333333334,0.23911784768104552,0.25,1.0882152318954468,0.001212068149824509,128,0
adaptive_clip,1,10,full_rm,onehot,96,2,3,0.05466666666666644,-2.8483343491951625,-0.14000000000000004,-0.17979452054794526,0.0,0.8333333333333334,0.23644315123558043,0.25,1.3556848764419556,0.0004416073374816982,128,0
adaptive_clip,1,10,full_rm,onehot,96,2,4,0.5359999999999999,-3.1129748225212097,0.0,0.0,0.0,0.8333333333333334,0.23624865531921388,0.25,1.3751344680786133,0.0006441801186586358,128,0
adaptive_clip,1,10,full_rm,onehot,96,2,5,0.6333333333333331,-2.0309898356596627,0.0,0.0,3.5653615638613703,0.8166666666666667,0.14132615268230436,0.15,1.7347694635391235,0.0017707702638746583,176,1
adaptive_clip,1,10,full_rm,onehot,96,2,6,0.5186666666666665,-3.952513035138448,-0.11466666666666658,-0.0941949616648411,3.5653615638613703,0.8166666666666667,0.14230992496013642,0.15,1.5380150079727173,0.0016575358578546084,176,0
adaptive_clip,1,10,full_rm,onehot,96,2,7,0.6666666666666665,-2.355418360233307,0.0,0.0,3.5653615638613703,0.8166666666666667,0.14435297906398772,0.15,1.1294041872024536,0.002666526379041816,176,0
adaptive_clip,1,10,full_rm,onehot,96,2,8,0.5679999999999998,-1.3553319652875264,-0.09866666666666668,-0.07889125799573563,3.5653615638613703,0.8166666666666667,0.14244860172271728,0.15,1.510279655456543,0.0050774097609672724,176,0
adaptive_clip,1,10,full_rm,onehot,96,2,9,0.31533333333333313,-3.1235759417215982,-0.3513333333333334,-0.28091684434968023,3.5653615638613703,0.8166666666666667,0.14322630405426026,0.15,1.3547391891479492,0.002893020732042663,176,0
adaptive_clip,1,10,full_rm,onehot,96,2,10,0.7753333333333333,-2.809002243479093,0.0,0.0,5.305330463498831,0.8166666666666667,0.1358168601989746,0.15,2.836627960205078,0.006840880512350584,224,1
adaptive_clip,1,10,full_rm,onehot,96,2,11,0.7593333333333333,-5.77503700753053,-0.016000000000000014,-0.01177047572339383,5.305330463498831,0.8166666666666667,0.14179138243198394,0.15,1.6417235136032104,0.0018957223957034308,224,0
adaptive_clip,1,10,full_rm,onehot,96,2,12,0.7733333333333334,-2.7626627882321677,-0.0019999999999998908,-0.001471309465424147,5.305330463498831,0.8166666666666667,0.14089859008789063,0.15,1.820281982421875,0.0029028271259855147,224,0
adaptive_clip,1,10,full_rm,onehot,96,2,13,0.676,-4.3426318248113,-0.09933333333333327,-0.07307503678273658,5.305330463498831,0.8166666666666667,0.14377399742603303,0.15,1.245200514793396,0.0003415279239696157,224,0
adaptive_clip,1,10,full_rm,onehot,96,2,14,0.6626666666666666,-4.79637109041214,-0.11266666666666669,-0.0828837665522315,5.305330463498831,0.8166666666666667,0.1430276131629944,0.15,1.394477367401123,0.0009436797959477056,224,0
adaptive_clip,1,10,full_rm,onehot,96,2,15,0.8073333333333331,-5.4473720709482825,0.0,0.0,6.0237857632339,0.8166666666666667,0.13401791095733642,0.15,3.196417808532715,0.008405525676860596,272,1
adaptive_clip,1,10,full_rm,onehot,96,2,16,0.8386666666666666,-4.508552101254463,0.0,0.0,6.0237857632339,0.8166666666666667,0.14237073123455046,0.15,1.5258537530899048,0.0026797762849388976,272,0
adaptive_clip,1,10,full_rm,onehot,96,2,17,0.7866666666666666,-3.8964763581752777,-0.051999999999999935,-0.036551077788191146,6.0237857632339,0.8166666666666667,0.14073620319366453,0.15,1.8527593612670898,0.0017572820156603669,272,0
adaptive_clip,1,10,full_rm,onehot,96,2,18,0.8733333333333333,-4.33160050312678,0.0,0.0,6.0237857632339,0.8166666666666667,0.14398719131946563,0.15,1.2025617361068726,0.0005180166462793672,272,0
adaptive_clip,1,10,full_rm,onehot,96,2,19,0.8626666666666666,-4.569136989116669,-0.010666666666666713,-0.007319304666056755,6.0237857632339,0.8166666666666667,0.1448400765657425,0.15,1.0319846868515015,0.000737926937947559,272,0
adaptive_clip,1,10,full_rm,onehot,96,2,20,0.8713333333333334,-6.795937597751617,-0.0019999999999998908,-0.0013723696248855606,8.085214835405349,0.85,0.1431846123933792,0.15,1.3630775213241577,0.0016862505150636092,320,1
adaptive_clip,1,10,full_rm,onehot,96,2,21,0.8706666666666667,-5.274084130922954,-0.002666666666666595,-0.0018298261665141316,8.085214835405349,0.85,0.1434730863571167,0.15,1.3053827285766602,0.0007299185473488106,320,0
adaptive_clip,1,10,full_rm,onehot,96,2,22,0.87,-6.50337917804718,-0.0033333333333332993,-0.0022872827081427028,8.085214835405349,0.85,0.14271224915981293,0.15,1.4575501680374146,0.003405369652303992,320,0
adaptive_clip,1,10,full_rm,onehot,96,2,23,0.8679999999999999,-5.405021301905314,-0.005333333333333412,-0.003659652333028416,8.085214835405349,0.85,0.14167540848255156,0.15,1.664918303489685,0.004042340131542048,320,0
adaptive_clip,1,10,full_rm,onehot,96,2,24,0.876,-5.29393630027771,0.0,0.0,8.085214835405349,0.85,0.14351921260356904,0.15,1.2961574792861938,0.0010384851778633716,320,0
adaptive_clip,2,10,full_rm,onehot,96,2,0,-0.15133333333333354,-3.2233159065246584,0.0,0.0,0.0,0.8,0.23430950164794923,0.25,1.5690498352050781,0.0001920331965266395,128,0
adaptive_clip,2,10,full_rm,onehot,96,2,1,-0.19266666666666696,-2.1747539699077607,-0.041333333333333416,0.0,0.0,0.8,0.2362339651584625,0.25,1.3766034841537476,0.00032754656737041254,128,0
adaptive_clip,2,10,full_rm,onehot,96,2,2,-0.21200000000000022,0.26733208298683164,-0.060666666666666674,0.0,0.0,0.8,0.23929247856140137,0.25,1.0707521438598633,0.0005849712373573704,128,0
adaptive_clip,2,10,full_rm,onehot,96,2,3,-0.1980000000000003,-1.5308231194814046,-0.046666666666666745,0.0,0.0,0.8,0.240660120844841,0.25,0.9339879155158997,0.00016036130152021703,128,0
adaptive_clip,2,10,full_rm,onehot,96,2,4,-0.35000000000000037,-1.4023893733819326,-0.19866666666666682,0.0,0.0,0.8,0.23931131958961488,0.25,1.0688680410385132,0.0001710964627980254,128,0
adaptive_clip,2,10,full_rm,onehot,96,2,5,0.5173333333333333,-2.084179355700811,0.0,0.0,4.627316475659609,0.8333333333333334,0.1408003455400467,0.15,1.8399308919906616,0.0039132424164008165,176,1
adaptive_clip,2,10,full_rm,onehot,96,2,6,0.4159999999999998,-2.3206526577472686,-0.1013333333333335,-0.1515453639082754,4.627316475659609,0.8333333333333334,0.1411917304992676,0.15,1.7616539001464844,0.0005835021460776049,176,0
adaptive_clip,2,10,full_rm,onehot,96,2,7,0.1086666666666665,-1.6450748612483344,-0.40866666666666684,-0.6111665004985046,4.627316475659609,0.8333333333333334,0.14251668989658356,0.15,1.4966620206832886,0.0005484024523084194,176,0
adaptive_clip,2,10,full_rm,onehot,96,2,8,0.00933333333333309,-2.1574085394541425,-0.5080000000000002,-0.7597208374875375,4.627316475659609,0.8333333333333334,0.1400962418317795,0.15,1.980751633644104,0.0011260830155809655,176,0
adaptive_clip,2,10,full_rm,onehot,96,2,9,-0.2573333333333336,-1.4600003719329835,-0.7746666666666668,-1.1585244267198405,4.627316475659609,0.8333333333333334,0.14315783977508545,0.15,1.3684320449829102,0.0003323046302247297,176,0
adaptive_clip,2,10,full_rm,onehot,96,2,10,0.712,-2.7178421715895333,0.0,0.0,3.886685198545456,0.8833333333333333,0.1381434917449951,0.15,2.3713016510009766,0.004607792399080385,224,1
adaptive_clip,2,10,full_rm,onehot,96,2,11,0.8053333333333331,-3.8120965162913003,0.0,0.0,3.886685198545456,0.8833333333333333,0.1448215240240097,0.15,1.035695195198059,0.0009080681805360702,224,0
adaptive_clip,2,10,full_rm,onehot,96,2,12,0.7926666666666667,-1.9044796511530877,-0.012666666666666382,-0.013240418118466601,3.886685198545456,0.8833333333333333,0.14430685639381408,0.15,1.1386287212371826,0.0016558991992624283,224,0
adaptive_clip,2,10,full_rm,onehot,96,2,13,0.708,-3.445346403121948,-0.09733333333333316,-0.10174216027874547,3.886685198545456,0.8833333333333333,0.14468039333820343,0.15,1.063921332359314,0.0010734436505562767,224,0
adaptive_clip,2,10,full_rm,onehot,96,2,14,0.6586666666666665,-2.7224852542082467,-0.1466666666666666,-0.15331010452961666,3.886685198545456,0.8833333333333333,0.14582730531692503,0.15,0.8345389366149902,0.0006473693703635233,224,0
adaptive_clip,2,10,full_rm,onehot,96,2,15,0.8293333333333333,-4.040222930908203,0.0,0.0,4.681170323491097,0.8333333333333334,0.14037596523761747,0.15,1.9248069524765015,0.0036997749752777365,272,1
adaptive_clip,2,10,full_rm,onehot,96,2,16,0.8826666666666666,-2.274934285879135,0.0,0.0,4.681170323491097,0.8333333333333334,0.1451095724105835,0.15,0.9780855178833008,0.0018555474054868855,272,0
adaptive_clip,2,10,full_rm,onehot,96,2,17,0.8586666666666665,-3.5342417577902476,-0.024000000000000132,-0.023210831721470142,4.681170323491097,0.8333333333333334,0.14212676525115966,0.15,1.5746469497680664,0.0002958245792243106,272,0
adaptive_clip,2,10,full_rm,onehot,96,2,18,0.8286666666666666,-2.726727416117986,-0.05400000000000005,-0.05222437137330758,4.681170323491097,0.8333333333333334,0.14485381662845612,0.15,1.0292366743087769,0.0005766852036436911,272,0
adaptive_clip,2,10,full_rm,onehot,96,2,19,0.8386666666666667,-2.7266763150691986,-0.04399999999999993,-0.042553191489361625,4.681170323491097,0.8333333333333334,0.14579694271087645,0.15,0.840611457824707,0.0010048074415561275,272,0
adaptive_clip,2,10,full_rm,onehot,96,2,20,0.9006666666666666,-5.7554729382197065,0.0,0.0,9.523416963219642,0.8333333333333334,0.05,0.05,2.2366364002227783,0.00415842761604971,320,1
adaptive_clip,2,10,full_rm,onehot,96,2,21,0.8959999999999998,-5.112194816271464,-0.004666666666666819,-0.004435994930291652,9.523416963219642,0.8333333333333334,0.05,0.05,1.700035572052002,0.0006875466348225513,320,0
adaptive_clip,2,10,full_rm,onehot,96,2,22,0.8693333333333332,-4.489215890566508,-0.031333333333333435,-0.02978453738910022,9.523416963219642,0.8333333333333334,0.05,0.05,1.072494626045227,0.0004999747139011622,320,0
adaptive_clip,2,10,full_rm,onehot,96,2,23,0.8800000000000001,-5.108166925112406,-0.0206666666666665,-0.01964512040557652,9.523416963219642,0.8333333333333334,0.05,0.05,1.5846525430679321,0.0005226426162488258,320,0
adaptive_clip,2,10,full_rm,onehot,96,2,24,0.8853333333333334,-3.480398714542389,-0.015333333333333199,-0.014575411913814828,9.523416963219642,0.8333333333333334,0.05,0.05,1.3341875076293945,0.0006214193411631899,320,0
