constraint_suite,method,seed,grid_size,rm_variant,rm_input_mode,rm_hidden,rm_layers,outer_iter,true_eval_return,learned_eval_return,true_ndh,true_ndh_norm,true_autc,true_autc_norm,reward_model_drift,reward_model_pref_accuracy,approx_policy_kl,preference_dataset_size,rm_updated,clip_epsilon,clip_eps_base,critic_error,kl_coef,kl_target,ref_policy_kl
kl,fixed_rm_static_kl,0,10,full_rm,onehot,96,2,0,-0.2233333333333336,-1.8885416408379874,0.0,0.0,0.0,0.0,0.0,0.7833333333333333,0.00013656038269502544,128,0,nan,nan,nan,0.1,0.02,0.0005359875762628184
kl,fixed_rm_static_kl,0,10,full_rm,onehot,96,2,1,-0.1266666666666669,-0.6201980551083882,0.0,0.0,-0.17500000000000027,0.5,0.0,0.7833333333333333,0.0002991288757181434,128,0,nan,nan,nan,0.1,0.02,0.0007436813062263859
kl,fixed_rm_static_kl,0,10,full_rm,onehot,96,2,2,-0.07400000000000023,-0.6737624814112981,0.0,0.0,-0.1376666666666669,0.5736607142857144,0.0,0.7833333333333333,0.0005015038137673517,128,0,nan,nan,nan,0.1,0.02,0.0018269516941573885
kl,fixed_rm_static_kl,0,10,full_rm,onehot,96,2,3,0.17399999999999974,-0.48840493659178413,0.0,0.0,-0.07511111111111135,0.37304250559284124,0.0,0.7833333333333333,4.563428786423055e-05,128,0,nan,nan,nan,0.1,0.02,6.853012988964716e-05
kl,fixed_rm_static_kl,0,10,full_rm,onehot,96,2,4,0.3399999999999998,0.40191840728123984,0.0,0.0,0.007916666666666433,0.4105029585798816,0.0,0.7833333333333333,0.00025828311201954294,128,0,nan,nan,nan,0.1,0.02,0.0008168855888975991
kl,fixed_rm_static_kl,0,10,full_rm,onehot,96,2,5,0.3066666666666665,-1.2262204378843307,-0.033333333333333326,-0.05917159763313607,0.07099999999999974,0.5224852071005917,0.0,0.7833333333333333,0.00024961151356406,128,0,nan,nan,nan,0.1,0.02,0.0008461169070667691
kl,fixed_rm_static_kl,0,10,full_rm,onehot,96,2,6,0.6193333333333333,0.7434709787368774,0.0,0.0,0.13633333333333314,0.42681962025316456,0.0,0.7833333333333333,0.00016590076324037798,128,0,nan,nan,nan,0.1,0.02,0.0005202969639665551
kl,fixed_rm_static_kl,0,10,full_rm,onehot,96,2,7,0.6599999999999999,0.4794936219851176,0.0,0.0,0.20823809523809506,0.4885714285714286,0.0,0.7833333333333333,0.00035802280259167936,128,0,nan,nan,nan,0.1,0.02,0.0009612153905133407
kl,fixed_rm_static_kl,0,10,full_rm,onehot,96,2,8,0.5693333333333332,0.366767089565595,-0.09066666666666667,-0.10264150943396225,0.2590416666666665,0.5460849056603774,0.0,0.7833333333333333,0.0009048966335286994,128,0,nan,nan,nan,0.1,0.02,0.003843789713250266
kl,fixed_rm_static_kl,0,10,full_rm,onehot,96,2,9,0.5159999999999999,1.4411627342303595,-0.14400000000000002,-0.1630188679245283,0.2905555555555554,0.5817610062893082,0.0,0.7833333333333333,0.0011351442026607014,128,0,nan,nan,nan,0.1,0.02,0.0031948317773640156
kl,fixed_rm_static_kl,0,10,full_rm,onehot,96,2,10,0.608,0.2993493417898814,-0.051999999999999935,-0.0588679245283018,0.3176999999999998,0.6124905660377358,0.0,0.7833333333333333,0.00030442006467363344,128,0,nan,nan,nan,0.1,0.02,0.0004886860131389565
kl,fixed_rm_static_kl,0,10,full_rm,onehot,96,2,11,0.3006666666666665,0.7791821082433065,-0.3593333333333334,-0.40679245283018867,0.3301212121212119,0.6265523156089194,0.0,0.7833333333333333,0.00028205834567858316,128,0,nan,nan,nan,0.1,0.02,0.0012933672405779362
kl,fixed_rm_static_kl,0,10,full_rm,onehot,96,2,12,0.6853333333333331,1.1803752680619557,0.0,0.0,0.34369444444444436,0.6240217657128883,0.0,0.7833333333333333,0.00024097702442886965,128,0,nan,nan,nan,0.1,0.02,0.0006184748684366544
kl,fixed_rm_static_kl,0,10,full_rm,onehot,96,2,13,0.7173333333333333,0.7109026243289311,0.0,0.0,0.3712051282051281,0.6320394700975849,0.0,0.7833333333333333,0.00034801851690099045,128,0,nan,nan,nan,0.1,0.02,0.0012217918410897255
kl,fixed_rm_static_kl,0,10,full_rm,onehot,96,2,14,0.34866666666666646,2.1101179301738737,-0.3686666666666668,-0.39192062367115527,0.38276190476190464,0.6443251999595019,0.0,0.7833333333333333,0.00032064952316899575,128,0,nan,nan,nan,0.1,0.02,0.001691351799915234
kl,fixed_rm_static_kl,0,10,full_rm,onehot,96,2,15,0.4513333333333332,0.8507564100126426,-0.26600000000000007,-0.2827781715095677,0.383911111111111,0.6455468934561776,0.0,0.7833333333333333,0.00102386628597953,128,0,nan,nan,nan,0.1,0.02,0.0018749495761262046
kl,fixed_rm_static_kl,0,10,full_rm,onehot,96,2,16,0.2493333333333331,1.2686842064062753,-0.4680000000000002,-0.4975194897236004,0.38181249999999983,0.64331591070163,0.0,0.7833333333333333,0.00016761764531281198,128,0,nan,nan,nan,0.1,0.02,0.0008075018413364887
kl,fixed_rm_static_kl,0,10,full_rm,onehot,96,2,17,0.31666666666666654,2.540859734018644,-0.4006666666666667,-0.4259390503189227,0.37599999999999983,0.6371367824238128,0.0,0.7833333333333333,0.000931110935148015,128,0,nan,nan,nan,0.1,0.02,0.003810511229352819
kl,fixed_rm_static_kl,0,10,full_rm,onehot,96,2,18,0.19533333333333314,4.054521894454956,-0.5220000000000001,-0.554925584691708,0.3693333333333332,0.630049610205528,0.0,0.7833333333333333,0.0007455035520631938,128,0,nan,nan,nan,0.1,0.02,0.0014642352859179177
kl,fixed_rm_static_kl,0,10,full_rm,onehot,96,2,19,0.4733333333333331,2.581723302602768,-0.24400000000000016,-0.25939050318922763,0.36749122807017526,0.6280913126188966,0.0,0.7833333333333333,0.002208857931767317,128,0,nan,nan,nan,0.1,0.02,0.004025214765634802
kl,fixed_rm_static_kl,0,10,full_rm,onehot,96,2,20,-0.018000000000000224,6.181601031621297,-0.7353333333333335,-0.781715095676825,0.3604999999999998,0.6206591070163006,0.0,0.7833333333333333,0.012225169010990997,128,0,nan,nan,nan,0.1,0.02,0.05274233527274595
kl,fixed_rm_static_kl,0,10,full_rm,onehot,96,2,21,0.07399999999999982,5.0592287421226505,-0.6433333333333334,-0.6839121190644932,0.3446666666666664,0.6038270729978739,0.0,0.7833333333333333,0.00804541164815364,128,0,nan,nan,nan,0.1,0.02,0.032349082382602826
kl,fixed_rm_static_kl,0,10,full_rm,onehot,96,2,22,-0.3460000000000003,5.804729421933492,-1.0633333333333335,-1.1304039688164422,0.3228181818181817,0.5806004767734039,0.0,0.7833333333333333,0.0021079504352506384,128,0,nan,nan,nan,0.1,0.02,0.007942362998922666
kl,fixed_rm_static_kl,0,10,full_rm,onehot,96,2,23,-0.15333333333333357,8.535762468973795,-0.8706666666666668,-0.9255846917080085,0.29792753623188395,0.5541398329892459,0.0,0.7833333333333333,0.006226929617292789,128,0,nan,nan,nan,0.1,0.02,0.031920366196168795
kl,fixed_rm_static_kl,0,10,full_rm,onehot,96,2,24,-0.14666666666666692,5.581559618314107,-0.8640000000000002,-0.9184975194897236,0.27926388888888865,0.5342989605480746,0.0,0.7833333333333333,0.0067457733846624165,128,0,nan,nan,nan,0.1,0.02,0.02703901333734393
kl,fixed_rm_static_kl,1,10,full_rm,onehot,96,2,0,-0.5840000000000002,-2.6402745246887207,0.0,0.0,0.0,0.0,0.0,0.8333333333333334,9.070654317613582e-05,128,0,nan,nan,nan,0.1,0.02,0.000310335722234514
kl,fixed_rm_static_kl,1,10,full_rm,onehot,96,2,1,0.08199999999999984,-5.662436501185099,0.0,0.0,-0.25100000000000017,0.5,0.0,0.8333333333333334,0.0005797183983860716,128,0,nan,nan,nan,0.1,0.02,0.0019144487774206533
kl,fixed_rm_static_kl,1,10,full_rm,onehot,96,2,2,0.2359999999999998,-2.3218817392985027,0.0,0.0,-0.04600000000000018,0.6560975609756098,0.0,0.8333333333333334,0.001844219309128342,128,0,nan,nan,nan,0.1,0.02,0.00832288298341963
kl,fixed_rm_static_kl,1,10,full_rm,onehot,96,2,3,0.14333333333333315,-2.1099033504724503,-0.09266666666666665,-0.1130081300813008,0.03255555555555538,0.7518970189701897,0.0,0.8333333333333334,0.0003921567919305905,128,0,nan,nan,nan,0.1,0.02,0.0007058852869603368
kl,fixed_rm_static_kl,1,10,full_rm,onehot,96,2,4,0.6113333333333331,-1.5556871583064398,0.0,0.0,0.1187499999999998,0.5879113218070273,0.0,0.8333333333333334,0.0011414100100006824,128,0,nan,nan,nan,0.1,0.02,0.005201869540744357
kl,fixed_rm_static_kl,1,10,full_rm,onehot,96,2,5,0.5679999999999998,-1.0164151291052501,-0.043333333333333224,-0.03625209146681531,0.21293333333333309,0.6667038482989404,0.0,0.8333333333333334,0.0001420537289348631,128,0,nan,nan,nan,0.1,0.02,0.00021958413223425546
kl,fixed_rm_static_kl,1,10,full_rm,onehot,96,2,6,0.5219999999999999,-1.350365976492564,-0.08933333333333315,-0.07473508087005006,0.2682777777777776,0.7130042758877115,0.0,0.8333333333333334,0.00022077987071308924,128,0,nan,nan,nan,0.1,0.02,0.0005430956371128559
kl,fixed_rm_static_kl,1,10,full_rm,onehot,96,2,7,0.5893333333333332,-2.551508272687594,-0.02199999999999991,-0.018404907975460048,0.3093333333333331,0.7473508087005021,0.0,0.8333333333333334,0.00033695752141406506,128,0,nan,nan,nan,0.1,0.02,0.001065556477341387
kl,fixed_rm_static_kl,1,10,full_rm,onehot,96,2,8,0.6713333333333333,-1.293735866745313,0.0,0.0,0.34945833333333315,0.7435939989378649,0.0,0.8333333333333334,0.00045732917481536295,128,0,nan,nan,nan,0.1,0.02,0.0015172726060781213
kl,fixed_rm_static_kl,1,10,full_rm,onehot,96,2,9,0.6086666666666665,-0.8512056708335877,-0.06266666666666687,-0.04992033988316531,0.3817407407407406,0.7693102023957041,0.0,0.8333333333333334,0.0007732373888985622,128,0,nan,nan,nan,0.1,0.02,0.0014616736831764379
kl,fixed_rm_static_kl,1,10,full_rm,onehot,96,2,10,0.5706666666666664,-1.0391932954390843,-0.1006666666666669,-0.08019118428040378,0.4025333333333331,0.7858736059479553,0.0,0.8333333333333334,0.00017533935606361343,128,0,nan,nan,nan,0.1,0.02,0.00025404663756489754
kl,fixed_rm_static_kl,1,10,full_rm,onehot,96,2,11,0.5719999999999998,-0.5860972742239634,-0.0993333333333335,-0.07912904938927255,0.41787878787878774,0.7980978129677013,0.0,0.8333333333333334,0.000515192789382415,128,0,nan,nan,nan,0.1,0.02,0.0022834300373991328
kl,fixed_rm_static_kl,1,10,full_rm,onehot,96,2,12,0.5539999999999999,-1.1976991390188536,-0.1173333333333334,-0.09346787041954331,0.42997222222222203,0.8077314568950255,0.0,0.8333333333333334,0.0006319578911998833,128,0,nan,nan,nan,0.1,0.02,0.0023226914409961966
kl,fixed_rm_static_kl,1,10,full_rm,onehot,96,2,13,0.5486666666666665,-0.7983147174119949,-0.12266666666666681,-0.09771640998406807,0.43930769230769207,0.8151681032721924,0.0,0.8333333333333334,0.0011346380768929793,128,0,nan,nan,nan,0.1,0.02,0.00431496768982874
kl,fixed_rm_static_kl,1,10,full_rm,onehot,96,2,14,0.5359999999999998,-1.1331973294417064,-0.13533333333333353,-0.10780669144981425,0.44666666666666655,0.8210302708443972,0.0,0.8333333333333334,0.00025043315950932295,128,0,nan,nan,nan,0.1,0.02,0.0006121148665746053
kl,fixed_rm_static_kl,1,10,full_rm,onehot,96,2,15,0.7293333333333333,-0.3628711402416229,0.0,0.0,0.4590666666666665,0.794213197969543,0.0,0.8333333333333334,7.234812797071721e-05,128,0,nan,nan,nan,0.1,0.02,0.0001844034737182988
kl,fixed_rm_static_kl,1,10,full_rm,onehot,96,2,16,0.7406666666666666,-0.6088797907034557,0.0,0.0,0.4763124999999998,0.8004372169099143,0.0,0.8333333333333334,0.0002215506690960218,128,0,nan,nan,nan,0.1,0.02,0.0010089045907888147
kl,fixed_rm_static_kl,1,10,full_rm,onehot,96,2,17,0.766,-0.3730774462223053,0.0,0.0,0.4926078431372548,0.7974872912127814,0.0,0.8333333333333334,0.0004006458945772722,128,0,nan,nan,nan,0.1,0.02,0.001217510189033217
kl,fixed_rm_static_kl,1,10,full_rm,onehot,96,2,18,0.6553333333333332,0.0010585943857828776,-0.1106666666666668,-0.0819753086419754,0.5047222222222221,0.8064609053497943,0.0,0.8333333333333334,0.0002985130714075437,128,0,nan,nan,nan,0.1,0.02,0.0010500924351314702
kl,fixed_rm_static_kl,1,10,full_rm,onehot,96,2,19,0.6466666666666667,-0.14693128565947214,-0.11933333333333329,-0.08839506172839502,0.5124210526315789,0.8121637426900584,0.0,0.8333333333333334,0.0001877674483304861,128,0,nan,nan,nan,0.1,0.02,0.0004655097921689351
kl,fixed_rm_static_kl,1,10,full_rm,onehot,96,2,20,0.5286666666666666,0.2680944919586182,-0.2373333333333334,-0.1758024691358025,0.5161833333333331,0.8149506172839507,0.0,0.8333333333333334,0.00036051694809848456,128,0,nan,nan,nan,0.1,0.02,0.0015597942078279124
kl,fixed_rm_static_kl,1,10,full_rm,onehot,96,2,21,0.5199999999999999,1.353271739681562,-0.2460000000000001,-0.18222222222222229,0.5165714285714285,0.8152380952380953,0.0,0.8333333333333334,0.0005459188931304988,128,0,nan,nan,nan,0.1,0.02,0.0013898565019998285
kl,fixed_rm_static_kl,1,10,full_rm,onehot,96,2,22,0.2126666666666664,2.0344152569770815,-0.5533333333333337,-0.40987654320987676,0.509742424242424,0.8101795735129069,0.0,0.8333333333333334,0.0010691099941800256,128,0,nan,nan,nan,0.1,0.02,0.0027976984468599158
kl,fixed_rm_static_kl,1,10,full_rm,onehot,96,2,23,0.0959999999999998,1.9394950479269029,-0.6700000000000003,-0.49629629629629646,0.49428985507246365,0.7987332259796028,0.0,0.8333333333333334,0.002090433635658578,128,0,nan,nan,nan,0.1,0.02,0.004444281570613384
kl,fixed_rm_static_kl,1,10,full_rm,onehot,96,2,24,0.3119999999999998,3.3564488927523297,-0.45400000000000024,-0.3362962962962964,0.4821944444444443,0.7897736625514403,0.0,0.8333333333333334,0.003977177899590607,128,0,nan,nan,nan,0.1,0.02,0.014913089314682618
kl,fixed_rm_static_kl,2,10,full_rm,onehot,96,2,0,-0.15133333333333354,-2.3980355143547056,0.0,0.0,0.0,0.0,0.0,0.8,0.00018866059020995906,128,0,nan,nan,nan,0.1,0.02,0.0008282841493686041
kl,fixed_rm_static_kl,2,10,full_rm,onehot,96,2,1,-0.19266666666666696,-1.4046333452065787,-0.041333333333333416,0.0,-0.17200000000000026,0.0,0.0,0.8,0.0002915770201529068,128,0,nan,nan,nan,0.1,0.02,0.0011956056890388331
kl,fixed_rm_static_kl,2,10,full_rm,onehot,96,2,2,-0.3260000000000003,-1.1677650213241577,-0.17466666666666675,0.0,-0.21566666666666695,0.0,0.0,0.8,0.0003575489951370969,128,0,nan,nan,nan,0.1,0.02,0.0016191616240474912
kl,fixed_rm_static_kl,2,10,full_rm,onehot,96,2,3,-0.09866666666666692,-0.7932352423667908,0.0,0.0,-0.21455555555555583,-1.2004219409282721,0.0,0.8,0.0001577492442190927,128,0,nan,nan,nan,0.1,0.02,0.0006912508979439735
kl,fixed_rm_static_kl,2,10,full_rm,onehot,96,2,4,-0.005333333333333546,-1.239011432727178,0.0,0.0,-0.17391666666666694,-0.154680365296804,0.0,0.8,0.00041086708618061503,128,0,nan,nan,nan,0.1,0.02,0.0018910945703585942
kl,fixed_rm_static_kl,2,10,full_rm,onehot,96,2,5,-0.061333333333333545,-1.3383514563242593,-0.056,-0.3835616438356165,-0.1458000000000003,0.037899543378995065,0.0,0.8,0.0002709605733395077,128,0,nan,nan,nan,0.1,0.02,0.0009249280103378826
kl,fixed_rm_static_kl,2,10,full_rm,onehot,96,2,6,0.11066666666666646,-0.903576830526193,0.0,0.0,-0.11738888888888914,0.12955894826123823,0.0,0.8,8.754133781025162e-05,128,0,nan,nan,nan,0.1,0.02,0.00021596661665373377
kl,fixed_rm_static_kl,2,10,full_rm,onehot,96,2,7,0.21599999999999978,-1.6543774058421452,0.0,0.0,-0.07728571428571451,0.20158154005703913,0.0,0.8,0.0001508642476312432,128,0,nan,nan,nan,0.1,0.02,0.0005602590843207306
kl,fixed_rm_static_kl,2,10,full_rm,onehot,96,2,8,0.07666666666666642,0.841980184117953,-0.13933333333333336,-0.37931034482758635,-0.04933333333333358,0.27767695099818507,0.0,0.8,0.00031648075204465046,128,0,nan,nan,nan,0.1,0.02,0.0010850857943296432
kl,fixed_rm_static_kl,2,10,full_rm,onehot,96,2,9,-0.021333333333333544,0.3485825598239899,-0.2373333333333333,-0.6460980036297641,-0.04077777777777801,0.3009679370840895,0.0,0.8,0.0006789362875881944,128,0,nan,nan,nan,0.1,0.02,0.0022290310718946988
kl,fixed_rm_static_kl,2,10,full_rm,onehot,96,2,10,0.15066666666666648,0.7141338467597962,-0.0653333333333333,-0.17785843920145183,-0.03023333333333358,0.32967332123411974,0.0,0.8,0.0005568672578294379,128,0,nan,nan,nan,0.1,0.02,0.0023165008881025845
kl,fixed_rm_static_kl,2,10,full_rm,onehot,96,2,11,0.29133333333333317,0.9225198328495026,0.0,0.0,-0.0073939393939396365,0.3251642935377874,0.0,0.8,0.0009429829799502162,128,0,nan,nan,nan,0.1,0.02,0.004364028728256622
kl,fixed_rm_static_kl,2,10,full_rm,onehot,96,2,12,0.6199999999999999,1.1078504065672556,0.0,0.0,0.031194444444444237,0.23663929703255543,0.0,0.8,0.0002626933853284379,128,0,nan,nan,nan,0.1,0.02,0.0009776765170196693
kl,fixed_rm_static_kl,2,10,full_rm,onehot,96,2,13,0.17799999999999983,2.404515595237414,-0.44200000000000006,-0.5730337078651685,0.05948717948717924,0.27331959311216003,0.0,0.8,0.0009659222602321493,128,0,nan,nan,nan,0.1,0.02,0.002266514373736249
kl,fixed_rm_static_kl,2,10,full_rm,onehot,96,2,14,0.26199999999999984,2.615608952442805,-0.35800000000000004,-0.4641313742437338,0.07095238095238075,0.28818372638597356,0.0,0.8,0.001710941772797918,128,0,nan,nan,nan,0.1,0.02,0.0061819975574811305
kl,fixed_rm_static_kl,2,10,full_rm,onehot,96,2,15,0.3419999999999998,1.4944193094968796,-0.2780000000000001,-0.3604148660328436,0.08635555555555535,0.30815326995102277,0.0,0.8,0.0030539991431247637,128,0,nan,nan,nan,0.1,0.02,0.0123006797188686
kl,fixed_rm_static_kl,2,10,full_rm,onehot,96,2,16,-0.058000000000000204,5.7675760587056475,-0.678,-0.8789974070872947,0.08983333333333313,0.31266205704407946,0.0,0.8,0.003000096167246487,128,0,nan,nan,nan,0.1,0.02,0.008642188376850551
kl,fixed_rm_static_kl,2,10,full_rm,onehot,96,2,17,-0.16733333333333358,5.209210906426112,-0.7873333333333334,-1.020743301642178,0.07792156862745074,0.29721897402003145,0.0,0.8,0.003493337484416141,128,0,nan,nan,nan,0.1,0.02,0.00996827432471845
kl,fixed_rm_static_kl,2,10,full_rm,onehot,96,2,18,0.6939999999999998,4.960536982615789,0.0,0.0,0.08822222222222204,0.2833859095688748,0.0,0.8,0.00378300000385144,128,0,nan,nan,nan,0.1,0.02,0.016606073981771868
kl,fixed_rm_static_kl,2,10,full_rm,onehot,96,2,19,0.3899999999999998,5.9519201477368675,-0.30400000000000005,-0.359621451104101,0.11210526315789454,0.3116387182467209,0.0,0.8,0.0008256477490884243,128,0,nan,nan,nan,0.1,0.02,0.0019465099192327922
kl,fixed_rm_static_kl,2,10,full_rm,onehot,96,2,20,-0.10933333333333352,9.753582522769769,-0.8033333333333333,-0.9503154574132492,0.11351666666666643,0.3133083596214511,0.0,0.8,0.005179319666038148,128,0,nan,nan,nan,0.1,0.02,0.025723632528550092
kl,fixed_rm_static_kl,2,10,full_rm,onehot,96,2,21,0.1239999999999998,10.98155990242958,-0.5700000000000001,-0.6742902208201893,0.10846031746031722,0.30732687396725245,0.0,0.8,0.004574834187237229,128,0,nan,nan,nan,0.1,0.02,0.0037781985269652475
kl,fixed_rm_static_kl,2,10,full_rm,onehot,96,2,22,-0.22666666666666693,8.65769675175349,-0.9206666666666667,-1.0891167192429023,0.10119696969696952,0.29873458560367083,0.0,0.8,0.004036057829302757,128,0,nan,nan,nan,0.1,0.02,0.00718902222191294
kl,fixed_rm_static_kl,2,10,full_rm,onehot,96,2,23,-0.018000000000000238,9.066488323857387,-0.7120000000000001,-0.8422712933753944,0.09147826086956505,0.28723769030311347,0.0,0.8,0.0032305558584591392,128,0,nan,nan,nan,0.1,0.02,0.00844757098497616
kl,fixed_rm_static_kl,2,10,full_rm,onehot,96,2,24,-0.06733333333333355,11.61094490836064,-0.7613333333333334,-0.9006309148264985,0.08588888888888868,0.28062565720294425,0.0,0.8,0.02820935856959756,128,0,nan,nan,nan,0.1,0.02,0.019097192833820976
kl,updated_rm_static_kl,0,10,full_rm,onehot,96,2,0,-0.2233333333333336,-1.8885416408379874,0.0,0.0,0.0,0.0,0.0,0.7833333333333333,0.00013656038269502544,128,0,nan,nan,nan,0.1,0.02,0.0005359875762628184
kl,updated_rm_static_kl,0,10,full_rm,onehot,96,2,1,-0.1266666666666669,-0.6201980551083882,0.0,0.0,-0.17500000000000027,0.5,0.0,0.7833333333333333,0.0002991288757181434,128,0,nan,nan,nan,0.1,0.02,0.0007436813062263859
kl,updated_rm_static_kl,0,10,full_rm,onehot,96,2,2,-0.07400000000000023,-0.6737624814112981,0.0,0.0,-0.1376666666666669,0.5736607142857144,0.0,0.7833333333333333,0.0005015038137673517,128,0,nan,nan,nan,0.1,0.02,0.0018269516941573885
kl,updated_rm_static_kl,0,10,full_rm,onehot,96,2,3,0.17399999999999974,-0.48840493659178413,0.0,0.0,-0.07511111111111135,0.37304250559284124,0.0,0.7833333333333333,4.563428786423055e-05,128,0,nan,nan,nan,0.1,0.02,6.853012988964716e-05
kl,updated_rm_static_kl,0,10,full_rm,onehot,96,2,4,0.3399999999999998,0.40191840728123984,0.0,0.0,0.007916666666666433,0.4105029585798816,0.0,0.7833333333333333,0.00025828311201954294,128,0,nan,nan,nan,0.1,0.02,0.0008168855888975991
kl,updated_rm_static_kl,0,10,full_rm,onehot,96,2,5,0.5439999999999999,-0.44043116172154745,0.0,0.0,0.09473333333333309,0.4145091225021719,1.7812216173857451,0.7833333333333333,0.0014983755438860867,176,1,nan,nan,nan,0.1,0.02,0.006970078736129734
kl,updated_rm_static_kl,0,10,full_rm,onehot,96,2,6,0.40733333333333316,-0.9260118981202443,-0.13666666666666677,-0.1781059947871417,0.15822222222222204,0.49724876918621486,1.7812216173857451,0.7833333333333333,0.0004874088153378907,176,0,nan,nan,nan,0.1,0.02,0.002172201613171233
kl,updated_rm_static_kl,0,10,full_rm,onehot,96,2,7,0.35933333333333317,-0.2731287360191345,-0.18466666666666676,-0.24066029539530848,0.1903809523809522,0.5391584957180091,1.7812216173857451,0.7833333333333333,0.0002303587735860979,176,0,nan,nan,nan,0.1,0.02,0.0009306543506681919
kl,updated_rm_static_kl,0,10,full_rm,onehot,96,2,8,0.5013333333333333,0.10442704359690348,-0.04266666666666663,-0.055603822762814885,0.22037499999999982,0.5782471763683753,1.7812216173857451,0.7833333333333333,0.0007871278231417787,176,0,nan,nan,nan,0.1,0.02,0.001063954136851761
kl,updated_rm_static_kl,0,10,full_rm,onehot,96,2,9,0.7520000000000001,-0.1940562625726064,0.0,0.0,0.2655185185185184,0.5012151591098959,1.7812216173857451,0.7833333333333333,0.00080507679265612,176,0,nan,nan,nan,0.1,0.02,0.0026835697289142343
kl,updated_rm_static_kl,0,10,full_rm,onehot,96,2,10,0.8260000000000001,-1.72540682554245,0.0,0.0,0.3178666666666665,0.5157560355781449,2.9690025709569454,0.7833333333333333,0.0022109586213144264,224,1,nan,nan,nan,0.1,0.02,0.009008942171931267
kl,updated_rm_static_kl,0,10,full_rm,onehot,96,2,11,0.798,-1.8614698847134907,-0.028000000000000025,-0.02668360864040662,0.36278787878787866,0.5585653228601132,2.9690025709569454,0.7833333333333333,0.000991050237139135,224,0,nan,nan,nan,0.1,0.02,0.003938344203763538
kl,updated_rm_static_kl,0,10,full_rm,onehot,96,2,12,0.8346666666666667,-1.1994680047035218,0.0,0.0,0.40058333333333324,0.58971329552615,2.9690025709569454,0.7833333333333333,0.0006303711793282096,224,0,nan,nan,nan,0.1,0.02,0.0007838143242730035
kl,updated_rm_static_kl,0,10,full_rm,onehot,96,2,13,0.7993333333333335,-1.1156131505966187,-0.03533333333333322,-0.03339634530560795,0.4326153846153845,0.6199893364354612,2.9690025709569454,0.7833333333333333,0.0007353495874820624,224,0,nan,nan,nan,0.1,0.02,0.0019187642157905633
kl,updated_rm_static_kl,0,10,full_rm,onehot,96,2,14,0.8113333333333334,-0.8149833063284556,-0.023333333333333317,-0.02205419029615625,0.4592380952380951,0.645152578990008,2.9690025709569454,0.7833333333333333,0.001138400066881851,224,0,nan,nan,nan,0.1,0.02,0.0013276864257123736
kl,updated_rm_static_kl,0,10,full_rm,onehot,96,2,15,0.854,-2.9394405166308086,0.0,0.0,0.48413333333333336,0.6566831683168316,3.683428254723549,0.8166666666666667,0.0020717221819572806,272,1,nan,nan,nan,0.1,0.02,0.007486126333889034
kl,updated_rm_static_kl,0,10,full_rm,onehot,96,2,16,0.802,-2.1272597432136537,-0.051999999999999935,-0.04826732673267319,0.505625,0.6766321163366336,3.683428254723549,0.8166666666666667,0.0010104039690760655,272,0,nan,nan,nan,0.1,0.02,0.0033628743452330427
kl,updated_rm_static_kl,0,10,full_rm,onehot,96,2,17,0.7633333333333333,-3.0139024098714193,-0.09066666666666667,-0.08415841584158414,0.521921568627451,0.69175888177053,3.683428254723549,0.8166666666666667,0.0007445506433077263,272,0,nan,nan,nan,0.1,0.02,0.0030570564170678454
kl,updated_rm_static_kl,0,10,full_rm,onehot,96,2,18,0.8466666666666665,-2.1699717164039614,-0.007333333333333525,-0.006806930693069482,0.5376481481481482,0.7063565731573157,3.683428254723549,0.8166666666666667,0.0008733954012872185,272,0,nan,nan,nan,0.1,0.02,0.0031304180415140256
kl,updated_rm_static_kl,0,10,full_rm,onehot,96,2,19,0.8819999999999999,-2.0084860136111575,0.0,0.0,0.5548421052631579,0.7040187924576219,3.683428254723549,0.8166666666666667,0.000519230207102431,272,0,nan,nan,nan,0.1,0.02,0.0011760626091725295
kl,updated_rm_static_kl,0,10,full_rm,onehot,96,2,20,0.8673333333333333,-1.5176694095134735,-0.014666666666666606,-0.013268998793727326,0.5708333333333333,0.7184861278648977,1.7495061680674553,0.7833333333333333,0.0016645087489200092,320,1,nan,nan,nan,0.1,0.02,0.008038200593243042
kl,updated_rm_static_kl,0,10,full_rm,onehot,96,2,21,0.8386666666666666,-1.9765696247418723,-0.043333333333333335,-0.039203860072376355,0.5842698412698412,0.7306421965649952,1.7495061680674553,0.7833333333333333,0.0016441170469903873,320,0,nan,nan,nan,0.1,0.02,0.007586345490482118
kl,updated_rm_static_kl,0,10,full_rm,onehot,96,2,22,0.7066666666666668,-2.5367192844549815,-0.17533333333333312,-0.15862484921592257,0.5928333333333333,0.7383896260554887,1.7495061680674553,0.7833333333333333,0.0007602542707826282,320,0,nan,nan,nan,0.1,0.02,0.003043422837638193
kl,updated_rm_static_kl,0,10,full_rm,onehot,96,2,23,0.8339999999999997,-1.3422335386276245,-0.048000000000000154,-0.04342581423401702,0.6005507246376811,0.74537158441286,1.7495061680674553,0.7833333333333333,0.00021300147803252992,320,0,nan,nan,nan,0.1,0.02,0.0005397059333821138
kl,updated_rm_static_kl,0,10,full_rm,onehot,96,2,24,0.8573333333333333,-2.930387242635091,-0.024666666666666615,-0.022316043425814183,0.6107638888888888,0.754611479694411,1.7495061680674553,0.7833333333333333,0.0009750423518352647,320,0,nan,nan,nan,0.1,0.02,0.003502957057207823
kl,updated_rm_static_kl,1,10,full_rm,onehot,96,2,0,-0.5840000000000002,-2.6402745246887207,0.0,0.0,0.0,0.0,0.0,0.8333333333333334,9.070654317613582e-05,128,0,nan,nan,nan,0.1,0.02,0.000310335722234514
kl,updated_rm_static_kl,1,10,full_rm,onehot,96,2,1,0.08199999999999984,-5.662436501185099,0.0,0.0,-0.25100000000000017,0.5,0.0,0.8333333333333334,0.0005797183983860716,128,0,nan,nan,nan,0.1,0.02,0.0019144487774206533
kl,updated_rm_static_kl,1,10,full_rm,onehot,96,2,2,0.2359999999999998,-2.3218817392985027,0.0,0.0,-0.04600000000000018,0.6560975609756098,0.0,0.8333333333333334,0.001844219309128342,128,0,nan,nan,nan,0.1,0.02,0.00832288298341963
kl,updated_rm_static_kl,1,10,full_rm,onehot,96,2,3,0.14333333333333315,-2.1099033504724503,-0.09266666666666665,-0.1130081300813008,0.03255555555555538,0.7518970189701897,0.0,0.8333333333333334,0.0003921567919305905,128,0,nan,nan,nan,0.1,0.02,0.0007058852869603368
kl,updated_rm_static_kl,1,10,full_rm,onehot,96,2,4,0.6113333333333331,-1.5556871583064398,0.0,0.0,0.1187499999999998,0.5879113218070273,0.0,0.8333333333333334,0.0011414100100006824,128,0,nan,nan,nan,0.1,0.02,0.005201869540744357
kl,updated_rm_static_kl,1,10,full_rm,onehot,96,2,5,0.8386666666666667,-4.27353683312734,0.0,0.0,0.23999999999999977,0.5791940018744142,4.257889446616173,0.7666666666666667,0.002359447992653921,176,1,nan,nan,nan,0.1,0.02,0.009846889620853795
kl,updated_rm_static_kl,1,10,full_rm,onehot,96,2,6,0.6499999999999999,-3.0756900747617086,-0.18866666666666676,-0.1326148078725399,0.3240555555555554,0.6382771009059669,4.257889446616173,0.7666666666666667,0.0032437412424367873,176,0,nan,nan,nan,0.1,0.02,0.011041867650217481
kl,updated_rm_static_kl,1,10,full_rm,onehot,96,2,7,0.7479999999999999,-2.8039255777994794,-0.09066666666666678,-0.06373008434864112,0.3776190476190475,0.6759271656178873,4.257889446616173,0.7666666666666667,0.0006222485155706644,176,0,nan,nan,nan,0.1,0.02,0.0011642772393922012
kl,updated_rm_static_kl,1,10,full_rm,onehot,96,2,8,0.5579999999999998,-1.9568105200926462,-0.28066666666666684,-0.19728209934395513,0.4120416666666665,0.7001230084348642,4.257889446616173,0.7666666666666667,0.00041598182427714085,176,0,nan,nan,nan,0.1,0.02,0.0012366450909111234
kl,updated_rm_static_kl,1,10,full_rm,onehot,96,2,9,0.7593333333333333,-2.4018518129984536,-0.07933333333333337,-0.05576382380506094,0.43944444444444425,0.7193845673227116,4.257889446616173,0.7666666666666667,0.002174254346831334,176,0,nan,nan,nan,0.1,0.02,0.006930226149658362
kl,updated_rm_static_kl,1,10,full_rm,onehot,96,2,10,0.856,-4.330576618512471,0.0,0.0,0.4762666666666665,0.7362962962962962,5.35535579174757,0.7833333333333333,0.0025448570822846966,224,1,nan,nan,nan,0.1,0.02,0.011730882390919658
kl,updated_rm_static_kl,1,10,full_rm,onehot,96,2,11,0.8653333333333334,-3.942258071402709,0.0,0.0,0.511212121212121,0.7556661369908838,5.35535579174757,0.7833333333333333,0.0020755599964182086,224,0,nan,nan,nan,0.1,0.02,0.004379610944953229
kl,updated_rm_static_kl,1,10,full_rm,onehot,96,2,12,0.856,-4.483282234271368,-0.009333333333333416,-0.0064397424103036435,0.5403333333333332,0.7757589696412144,5.35535579174757,0.7833333333333333,0.0024095111575665185,224,0,nan,nan,nan,0.1,0.02,0.011556833413326077
kl,updated_rm_static_kl,1,10,full_rm,onehot,96,2,13,0.8453333333333332,-3.720618462562561,-0.02000000000000024,-0.01379944802207928,0.5642051282051281,0.7922298492675677,5.35535579174757,0.7833333333333333,0.004003332114078291,224,0,nan,nan,nan,0.1,0.02,0.011770756966951821
kl,updated_rm_static_kl,1,10,full_rm,onehot,96,2,14,0.8686666666666665,-3.841369394461314,0.0,0.0,0.5851190476190475,0.8048088900544156,5.35535579174757,0.7833333333333333,0.0016890124713128396,224,0,nan,nan,nan,0.1,0.02,0.008101349023895131
kl,updated_rm_static_kl,1,10,full_rm,onehot,96,2,15,0.8986666666666667,-3.7222249428431193,0.0,0.0,0.6050222222222221,0.8019484412470025,6.3354426845908165,0.75,0.00687397390523398,272,1,nan,nan,nan,0.1,0.02,0.04328976933740908
kl,updated_rm_static_kl,1,10,full_rm,onehot,96,2,16,0.8460000000000001,-5.34108239809672,-0.05266666666666664,-0.03552158273381293,0.6217291666666666,0.813216614208633,6.3354426845908165,0.75,0.015305073376416047,272,0,nan,nan,nan,0.1,0.02,0.07055610713238517
kl,updated_rm_static_kl,1,10,full_rm,onehot,96,2,17,0.876,-6.530719852447509,-0.022666666666666724,-0.015287769784172699,0.6358039215686273,0.8227094794752433,6.3354426845908165,0.75,0.0021689414750960994,272,0,nan,nan,nan,0.1,0.02,0.009173311293125153
kl,updated_rm_static_kl,1,10,full_rm,onehot,96,2,18,0.8853333333333333,-5.198122469584147,-0.01333333333333342,-0.00899280575539574,0.6494074074074073,0.8318844924060752,6.3354426845908165,0.75,0.0011395822112225057,272,0,nan,nan,nan,0.1,0.02,0.005939582362771034
kl,updated_rm_static_kl,1,10,full_rm,onehot,96,2,19,0.8713333333333331,-4.924136352539063,-0.027333333333333654,-0.018435251798561366,0.6614561403508771,0.8400108860280198,6.3354426845908165,0.75,0.00039016706602481823,272,0,nan,nan,nan,0.1,0.02,0.0019278289336297247
kl,updated_rm_static_kl,1,10,full_rm,onehot,96,2,20,0.886,-5.932495975494385,-0.012666666666666715,-0.008543165467625931,0.6723166666666666,0.847335881294964,8.90714244544506,0.7666666666666667,0.005278780438289441,320,1,nan,nan,nan,0.1,0.02,0.034641001321789294
kl,updated_rm_static_kl,1,10,full_rm,onehot,96,2,21,0.8906666666666667,-7.564231983820597,-0.008000000000000007,-0.005395683453237415,0.6826031746031747,0.8542737238780405,8.90714244544506,0.7666666666666667,0.013451603240457386,320,0,nan,nan,nan,0.1,0.02,0.069038316141814
kl,updated_rm_static_kl,1,10,full_rm,onehot,96,2,22,0.8960000000000001,-7.251580719153086,-0.002666666666666595,-0.0017985611510790882,0.692181818181818,0.8607341399607586,8.90714244544506,0.7666666666666667,0.02522921182389934,320,0,nan,nan,nan,0.1,0.02,0.12001365847471687
kl,updated_rm_static_kl,1,10,full_rm,onehot,96,2,23,0.8726666666666668,-7.972104740142822,-0.025999999999999912,-0.017535971223021522,0.7005362318840578,0.8663688614325932,8.90714244544506,0.7666666666666667,0.02357669712364509,320,0,nan,nan,nan,0.1,0.02,0.09190741424552268
kl,updated_rm_static_kl,1,10,full_rm,onehot,96,2,24,0.8573333333333333,-6.560597213109334,-0.041333333333333444,-0.02787769784172669,0.7073888888888888,0.8709907074340528,8.90714244544506,0.7666666666666667,0.0037224558872274594,320,0,nan,nan,nan,0.1,0.02,0.015076665000783073
kl,updated_rm_static_kl,2,10,full_rm,onehot,96,2,0,-0.15133333333333354,-2.3980355143547056,0.0,0.0,0.0,0.0,0.0,0.8,0.00018866059020995906,128,0,nan,nan,nan,0.1,0.02,0.0008282841493686041
kl,updated_rm_static_kl,2,10,full_rm,onehot,96,2,1,-0.19266666666666696,-1.4046333452065787,-0.041333333333333416,0.0,-0.17200000000000026,0.0,0.0,0.8,0.0002915770201529068,128,0,nan,nan,nan,0.1,0.02,0.0011956056890388331
kl,updated_rm_static_kl,2,10,full_rm,onehot,96,2,2,-0.3260000000000003,-1.1677650213241577,-0.17466666666666675,0.0,-0.21566666666666695,0.0,0.0,0.8,0.0003575489951370969,128,0,nan,nan,nan,0.1,0.02,0.0016191616240474912
kl,updated_rm_static_kl,2,10,full_rm,onehot,96,2,3,-0.09866666666666692,-0.7932352423667908,0.0,0.0,-0.21455555555555583,-1.2004219409282721,0.0,0.8,0.0001577492442190927,128,0,nan,nan,nan,0.1,0.02,0.0006912508979439735
kl,updated_rm_static_kl,2,10,full_rm,onehot,96,2,4,-0.005333333333333546,-1.239011432727178,0.0,0.0,-0.17391666666666694,-0.154680365296804,0.0,0.8,0.00041086708618061503,128,0,nan,nan,nan,0.1,0.02,0.0018910945703585942
kl,updated_rm_static_kl,2,10,full_rm,onehot,96,2,5,0.3466666666666665,-0.5320157786210378,0.0,0.0,-0.10500000000000029,0.09303882195448446,3.809318184107542,0.9,0.00047638120823504445,176,1,nan,nan,nan,0.1,0.02,0.002030950350066026
kl,updated_rm_static_kl,2,10,full_rm,onehot,96,2,6,0.4886666666666664,-1.183923202753067,0.0,0.0,-0.017888888888889107,0.20850694444444445,3.809318184107542,0.9,0.000560291383054705,176,0,nan,nan,nan,0.1,0.02,0.001972487558507257
kl,updated_rm_static_kl,2,10,full_rm,onehot,96,2,7,0.6946666666666665,-0.5942548746864001,0.0,0.0,0.069190476190476,0.2606664415175054,3.809318184107542,0.9,0.0009504063012224105,176,0,nan,nan,nan,0.1,0.02,0.004271799077590307
kl,updated_rm_static_kl,2,10,full_rm,onehot,96,2,8,0.5506666666666666,-1.7856257875760397,-0.1439999999999999,-0.1702127659574467,0.13837499999999978,0.34244483845547674,3.809318184107542,0.9,0.0008472117985435111,176,0,nan,nan,nan,0.1,0.02,0.003414476135124763
kl,updated_rm_static_kl,2,10,full_rm,onehot,96,2,9,0.4293333333333332,0.08069470524787903,-0.26533333333333337,-0.3136327817178881,0.17744444444444424,0.38862621486734955,3.809318184107542,0.9,0.000903376818264045,176,0,nan,nan,nan,0.1,0.02,0.0032101286471717884
kl,updated_rm_static_kl,2,10,full_rm,onehot,96,2,10,0.8273333333333334,-1.7326804359753927,0.0,0.0,0.22253333333333308,0.3820163487738419,3.7576823994517325,0.8833333333333333,0.004771163550572142,224,1,nan,nan,nan,0.1,0.02,0.017795818288707074
kl,updated_rm_static_kl,2,10,full_rm,onehot,96,2,11,0.6819999999999999,-0.8529634793599447,-0.14533333333333343,-0.14850136239782022,0.2709090909090907,0.43144661877631896,3.7576823994517325,0.8833333333333333,0.0015311778442993257,224,0,nan,nan,nan,0.1,0.02,0.006455059473713239
kl,updated_rm_static_kl,2,10,full_rm,onehot,96,2,12,0.7546666666666666,-1.548700733979543,-0.07266666666666677,-0.07425068119891017,0.30819444444444427,0.469544732061762,3.7576823994517325,0.8833333333333333,0.0006122048867941247,224,0,nan,nan,nan,0.1,0.02,0.0008208681829273701
kl,updated_rm_static_kl,2,10,full_rm,onehot,96,2,13,0.78,-2.143569342295329,-0.04733333333333334,-0.04836512261580381,0.34351282051282034,0.5056329909872143,3.7576823994517325,0.8833333333333333,0.001035643912473689,224,0,nan,nan,nan,0.1,0.02,0.0033288970589637756
kl,updated_rm_static_kl,2,10,full_rm,onehot,96,2,14,0.7726666666666666,-1.0961408893267313,-0.05466666666666675,-0.05585831062670307,0.37442857142857133,0.5372226547294667,3.7576823994517325,0.8833333333333333,0.001971455492644763,224,0,nan,nan,nan,0.1,0.02,0.009329865220934153
kl,updated_rm_static_kl,2,10,full_rm,onehot,96,2,15,0.8513333333333333,-2.3173337797323863,0.0,0.0,0.40359999999999985,0.5534574468085106,5.4223784625530245,0.9166666666666666,0.005902078281754937,272,1,nan,nan,nan,0.1,0.02,0.015549319589303598
kl,updated_rm_static_kl,2,10,full_rm,onehot,96,2,16,0.8606666666666666,-4.123947501182556,0.0,0.0,0.43187499999999984,0.5762928194993413,5.4223784625530245,0.9166666666666666,0.00447091133623405,272,0,nan,nan,nan,0.1,0.02,0.007083055770231618
kl,updated_rm_static_kl,2,10,full_rm,onehot,96,2,17,0.824,-3.2021311104297636,-0.036666666666666625,-0.036231884057970974,0.45601960784313716,0.6001511276447339,5.4223784625530245,0.9166666666666666,0.00416674372293862,272,0,nan,nan,nan,0.1,0.02,0.019538960005674098
kl,updated_rm_static_kl,2,10,full_rm,onehot,96,2,18,0.842,-3.073191582163175,-0.01866666666666661,-0.018445322793148825,0.47696296296296287,0.6208461425852732,5.4223784625530245,0.9166666666666666,0.00032156138536934553,272,0,nan,nan,nan,0.1,0.02,0.0007025640354388291
kl,updated_rm_static_kl,2,10,full_rm,onehot,96,2,19,0.8633333333333334,-3.0406719704469043,0.0,0.0,0.4967368421052631,0.6387025382114945,5.4223784625530245,0.9166666666666666,0.00032494420013246293,272,0,nan,nan,nan,0.1,0.02,0.0009818591384424104
kl,updated_rm_static_kl,2,10,full_rm,onehot,96,2,20,0.8453333333333333,-3.191004180908203,-0.018000000000000127,-0.017739816031537573,0.5146166666666665,0.6563239159001313,6.709081292152405,0.9166666666666666,0.0018937308777573184,320,1,nan,nan,nan,0.1,0.02,0.010909776617255475
kl,updated_rm_static_kl,2,10,full_rm,onehot,96,2,21,0.8946666666666666,-4.063248725732167,0.0,0.0,0.5315396825396824,0.6528422713891164,6.709081292152405,0.9166666666666666,0.0016244530486476116,320,0,nan,nan,nan,0.1,0.02,0.0035954128640393415
kl,updated_rm_static_kl,2,10,full_rm,onehot,96,2,22,0.8766666666666667,-4.700047020117442,-0.017999999999999905,-0.017208413001911952,0.5476363636363635,0.6682310678486586,6.709081292152405,0.9166666666666666,0.00039636273332830746,320,0,nan,nan,nan,0.1,0.02,0.0006997854862776067
kl,updated_rm_static_kl,2,10,full_rm,onehot,96,2,23,0.8599999999999999,-4.243425893783569,-0.034666666666666734,-0.03314212874442326,0.5615797101449275,0.6815612270346663,6.709081292152405,0.9166666666666666,0.0015350318223888654,320,0,nan,nan,nan,0.1,0.02,0.005450625024322007
kl,updated_rm_static_kl,2,10,full_rm,onehot,96,2,24,0.8593333333333334,-3.5575331687927245,-0.03533333333333322,-0.033779477374123526,0.5739999999999998,0.6934353091140854,6.709081292152405,0.9166666666666666,0.012043177024099247,320,0,nan,nan,nan,0.1,0.02,0.03557498494370116
kl,fixed_rm_adaptive_kl,0,10,full_rm,onehot,96,2,0,-0.2233333333333336,-1.8885416408379874,0.0,0.0,0.0,0.0,0.0,0.7833333333333333,0.00013733184525542718,128,0,nan,nan,nan,0.044444444444444446,0.02,0.0005379247272180186
kl,fixed_rm_adaptive_kl,0,10,full_rm,onehot,96,2,1,-0.1266666666666669,-0.6201980551083882,0.0,0.0,-0.17500000000000027,0.5,0.0,0.7833333333333333,0.0003084458783368321,128,0,nan,nan,nan,0.019753086419753086,0.02,0.000764979204783837
kl,fixed_rm_adaptive_kl,0,10,full_rm,onehot,96,2,2,-0.014000000000000219,-0.9878758609294891,0.0,0.0,-0.12266666666666691,0.48089171974522293,0.0,0.7833333333333333,0.0005226322333935496,128,0,nan,nan,nan,0.01,0.02,0.0019492243106166522
kl,fixed_rm_adaptive_kl,0,10,full_rm,onehot,96,2,3,0.17399999999999974,-1.4379557301600774,0.0,0.0,-0.05511111111111135,0.42337807606263994,0.0,0.7833333333333333,5.490516373565482e-05,128,0,nan,nan,nan,0.01,0.02,0.0001503698941734102
kl,fixed_rm_adaptive_kl,0,10,full_rm,onehot,96,2,4,0.32666666666666644,0.17654374837875367,0.0,0.0,0.021249999999999755,0.4446969696969697,0.0,0.7833333333333333,0.0004503664696674514,128,0,nan,nan,nan,0.01,0.02,0.0012598860905402237
kl,fixed_rm_adaptive_kl,0,10,full_rm,onehot,96,2,5,0.19399999999999984,-0.08702190319697062,-0.1326666666666666,-0.24121212121212107,0.06906666666666642,0.5316363636363636,0.0,0.7833333333333333,0.00013879760139301787,128,0,nan,nan,nan,0.01,0.02,0.0005543430128859149
kl,fixed_rm_adaptive_kl,0,10,full_rm,onehot,96,2,6,0.3899999999999998,-0.848353573679924,0.0,0.0,0.106222222222222,0.5373188405797101,0.0,0.7833333333333333,0.0001343804950156846,128,0,nan,nan,nan,0.01,0.02,0.0007163014055954085
kl,fixed_rm_adaptive_kl,0,10,full_rm,onehot,96,2,7,0.27333333333333315,-0.511353662610054,-0.11666666666666664,-0.19021739130434775,0.1384285714285712,0.5898291925465838,0.0,0.7833333333333333,0.0001371867509730451,128,0,nan,nan,nan,0.01,0.02,0.00021522719826963212
kl,fixed_rm_adaptive_kl,0,10,full_rm,onehot,96,2,8,0.3866666666666665,-0.965964604417483,-0.0033333333333332993,-0.0054347826086955965,0.16237499999999977,0.6288722826086957,0.0,0.7833333333333333,0.0001226135615424389,128,0,nan,nan,nan,0.01,0.02,0.00022179586812853813
kl,fixed_rm_adaptive_kl,0,10,full_rm,onehot,96,2,9,0.45599999999999985,0.34613917271296185,0.0,0.0,0.19114814814814796,0.61012975684222,0.0,0.7833333333333333,0.00040403063867550717,128,0,nan,nan,nan,0.01,0.02,0.0012727580550644132
kl,fixed_rm_adaptive_kl,0,10,full_rm,onehot,96,2,10,0.41066666666666657,0.9806898494561513,-0.04533333333333328,-0.06673209028459265,0.21536666666666646,0.6457801766437683,0.0,0.7833333333333333,0.00026313634712494323,128,0,nan,nan,nan,0.01,0.02,0.0009259102969533867
kl,fixed_rm_adaptive_kl,0,10,full_rm,onehot,96,2,11,0.6079999999999999,0.2864685813585917,0.0,0.0,0.2420909090909089,0.5598527374790405,0.0,0.7833333333333333,6.850865486609453e-05,128,0,nan,nan,nan,0.01,0.02,0.0003074400333894624
kl,fixed_rm_adaptive_kl,0,10,full_rm,onehot,96,2,12,0.7366666666666666,1.2110368341207505,0.0,0.0,0.27794444444444427,0.522164351851852,0.0,0.7833333333333333,5.511959232286522e-05,128,0,nan,nan,nan,0.01,0.02,0.00020458269864320755
kl,fixed_rm_adaptive_kl,0,10,full_rm,onehot,96,2,13,0.6526666666666665,0.2178661306699117,-0.08400000000000007,-0.08750000000000006,0.3099999999999998,0.5555555555555556,0.0,0.7833333333333333,0.00012793597231655938,128,0,nan,nan,nan,0.01,0.02,0.00021719844597909186
kl,fixed_rm_adaptive_kl,0,10,full_rm,onehot,96,2,14,0.6966666666666667,1.698710827032725,-0.039999999999999925,-0.04166666666666658,0.3360476190476189,0.582688492063492,0.0,0.7833333333333333,0.00018360080102309642,128,0,nan,nan,nan,0.01,0.02,0.0006811892510288291
kl,fixed_rm_adaptive_kl,0,10,full_rm,onehot,96,2,15,0.4506666666666665,2.005199972788493,-0.2860000000000001,-0.2979166666666667,0.3518888888888887,0.5991898148148148,0.0,0.7833333333333333,0.001577970606831677,128,0,nan,nan,nan,0.01,0.02,0.008180183979372183
kl,fixed_rm_adaptive_kl,0,10,full_rm,onehot,96,2,16,0.4226666666666665,2.0984515945116677,-0.31400000000000006,-0.32708333333333334,0.35718749999999977,0.6047092013888888,0.0,0.7833333333333333,0.002517872658245487,128,0,nan,nan,nan,0.01,0.02,0.009852948702043956
kl,fixed_rm_adaptive_kl,0,10,full_rm,onehot,96,2,17,0.47933333333333317,2.4498368710279466,-0.2573333333333334,-0.2680555555555556,0.36270588235294093,0.6104575163398692,0.0,0.7833333333333333,0.005999033825092975,128,0,nan,nan,nan,0.01,0.02,0.005517195082373089
kl,fixed_rm_adaptive_kl,0,10,full_rm,onehot,96,2,18,0.5393333333333332,2.6215328216552733,-0.19733333333333336,-0.20555555555555555,0.3708518518518517,0.6189429012345677,0.0,0.7833333333333333,0.00040984968599249344,128,0,nan,nan,nan,0.01,0.02,0.0018203903713987935
kl,fixed_rm_adaptive_kl,0,10,full_rm,onehot,96,2,19,0.2986666666666665,4.501400801539421,-0.43800000000000006,-0.45625,0.37338596491228054,0.6215826023391813,0.0,0.7833333333333333,0.010704550285507061,128,0,nan,nan,nan,0.01,0.02,0.038406544778909944
kl,fixed_rm_adaptive_kl,0,10,full_rm,onehot,96,2,20,0.35066666666666646,6.199494875470797,-0.3860000000000001,-0.4020833333333334,0.3709499999999999,0.6190451388888889,0.0,0.7833333333333333,0.008980056564370278,128,0,nan,nan,nan,0.01,0.02,0.014468355363027917
kl,fixed_rm_adaptive_kl,0,10,full_rm,onehot,96,2,21,-0.3100000000000003,6.132052552700043,-1.0466666666666669,-1.0902777777777777,0.35425396825396804,0.6016534391534392,0.0,0.7833333333333333,0.002509080739805396,128,0,nan,nan,nan,0.01,0.02,0.010156530266006788
kl,fixed_rm_adaptive_kl,0,10,full_rm,onehot,96,2,22,-0.49533333333333374,7.984218688805898,-1.2320000000000002,-1.2833333333333332,0.3198484848484847,0.5658143939393941,0.0,0.7833333333333333,0.003930509222136234,128,0,nan,nan,nan,0.01,0.02,0.006283802549458213
kl,fixed_rm_adaptive_kl,0,10,full_rm,onehot,96,2,23,-0.22333333333333355,7.975875609119734,-0.9600000000000002,-1.0,0.2903188405797099,0.535054347826087,0.0,0.7833333333333333,0.0011594002506982786,128,0,nan,nan,nan,0.01,0.02,0.003913647133029169
kl,fixed_rm_adaptive_kl,0,10,full_rm,onehot,96,2,24,-0.0720000000000002,6.318414211273193,-0.8086666666666668,-0.842361111111111,0.27206944444444425,0.5160445601851852,0.0,0.7833333333333333,0.001218960565438789,128,0,nan,nan,nan,0.01,0.02,0.002705310523096058
kl,fixed_rm_adaptive_kl,1,10,full_rm,onehot,96,2,0,-0.5840000000000002,-2.6402745246887207,0.0,0.0,0.0,0.0,0.0,0.8333333333333334,9.093848961409337e-05,128,0,nan,nan,nan,0.044444444444444446,0.02,0.000311001514395078
kl,fixed_rm_adaptive_kl,1,10,full_rm,onehot,96,2,1,0.08199999999999984,-5.662436501185099,0.0,0.0,-0.25100000000000017,0.5,0.0,0.8333333333333334,0.0005986961887933116,128,0,nan,nan,nan,0.019753086419753086,0.02,0.001961204016374217
kl,fixed_rm_adaptive_kl,1,10,full_rm,onehot,96,2,2,0.3033333333333331,-2.311817185084025,0.0,0.0,-0.02916666666666684,0.6252817430503381,0.0,0.8333333333333334,0.0019508696671741064,128,0,nan,nan,nan,0.01,0.02,0.008773884166859917
kl,fixed_rm_adaptive_kl,1,10,full_rm,onehot,96,2,3,0.11199999999999978,-2.018975381056468,-0.19133333333333336,-0.21562734785875284,0.04977777777777759,0.7142499373904333,0.0,0.8333333333333334,0.0007263729260103608,128,0,nan,nan,nan,0.01,0.02,0.002054990217503574
kl,fixed_rm_adaptive_kl,1,10,full_rm,onehot,96,2,4,0.5379999999999999,-1.060888671875,0.0,0.0,0.11858333333333315,0.6261883541295306,0.0,0.8333333333333334,0.0017856623882533148,128,0,nan,nan,nan,0.01,0.02,0.007527857967134979
kl,fixed_rm_adaptive_kl,1,10,full_rm,onehot,96,2,5,0.5193333333333331,-1.1627803166707358,-0.01866666666666683,-0.016636957813428548,0.2005999999999998,0.6992869875222816,0.0,0.8333333333333334,0.0007994163902999593,128,0,nan,nan,nan,0.01,0.02,0.002929854413701428
kl,fixed_rm_adaptive_kl,1,10,full_rm,onehot,96,2,6,0.45066666666666655,-2.411993207534154,-0.08733333333333337,-0.07783719548425434,0.24799999999999983,0.7415329768270944,0.0,0.8333333333333334,0.0004536251497787734,128,0,nan,nan,nan,0.01,0.02,0.002116370687468184
kl,fixed_rm_adaptive_kl,1,10,full_rm,onehot,96,2,7,0.7066666666666667,-3.2416330074270565,0.0,0.0,0.2952380952380951,0.6812278630460448,0.0,0.8333333333333334,0.0002689756783241823,128,0,nan,nan,nan,0.01,0.02,0.0003729366386930148
kl,fixed_rm_adaptive_kl,1,10,full_rm,onehot,96,2,8,0.47933333333333317,-0.9272885138789813,-0.2273333333333335,-0.17613636363636373,0.3324583333333332,0.7100658574380164,0.0,0.8333333333333334,0.0018622473597437648,128,0,nan,nan,nan,0.01,0.02,0.006315775215625763
kl,fixed_rm_adaptive_kl,1,10,full_rm,onehot,96,2,9,0.44133333333333324,-1.3747157812118531,-0.2653333333333334,-0.20557851239669425,0.34666666666666657,0.7210743801652891,0.0,0.8333333333333334,0.0005151630883297083,128,0,nan,nan,nan,0.01,0.02,0.0022869536446200474
kl,fixed_rm_adaptive_kl,1,10,full_rm,onehot,96,2,10,0.29533333333333317,-0.9622212077180544,-0.4113333333333335,-0.3186983471074381,0.3488333333333332,0.7227530991735537,0.0,0.8333333333333334,0.0002475570338511936,128,0,nan,nan,nan,0.01,0.02,0.0008245019966529475
kl,fixed_rm_adaptive_kl,1,10,full_rm,onehot,96,2,11,0.6666666666666665,-0.3588582714398702,-0.04000000000000015,-0.03099173553719019,0.36084848484848475,0.7320623591284748,0.0,0.8333333333333334,8.238022360771178e-05,128,0,nan,nan,nan,0.01,0.02,0.00017910911184218194
kl,fixed_rm_adaptive_kl,1,10,full_rm,onehot,96,2,12,0.6839999999999999,-1.421978916724523,-0.022666666666666724,-0.017561983471074422,0.3870555555555555,0.7523674242424243,0.0,0.8333333333333334,0.0002452552612972552,128,0,nan,nan,nan,0.01,0.02,0.0008833456991447343
kl,fixed_rm_adaptive_kl,1,10,full_rm,onehot,96,2,13,0.5213333333333332,-0.3933500776688258,-0.18533333333333346,-0.14359504132231413,0.40364102564102555,0.7652177368086458,0.0,0.8333333333333334,0.0006275618944504199,128,0,nan,nan,nan,0.01,0.02,0.0027876203465792867
kl,fixed_rm_adaptive_kl,1,10,full_rm,onehot,96,2,14,0.66,-0.4256218026081721,-0.046666666666666634,-0.0361570247933884,0.4169999999999998,0.7755681818181817,0.0,0.8333333333333334,0.0001898748031646401,128,0,nan,nan,nan,0.01,0.02,0.000329457637336519
kl,fixed_rm_adaptive_kl,1,10,full_rm,onehot,96,2,15,0.7013333333333333,-0.5816615035136541,-0.005333333333333412,-0.0041322314049587385,0.43457777777777773,0.7891873278236914,0.0,0.8333333333333334,0.0005914962099654616,128,0,nan,nan,nan,0.01,0.02,0.002260392066091299
kl,fixed_rm_adaptive_kl,1,10,full_rm,onehot,96,2,16,0.574,-0.4477425714333852,-0.1326666666666667,-0.10278925619834713,0.4472708333333332,0.7990218233471074,0.0,0.8333333333333334,0.00046367175281798577,128,0,nan,nan,nan,0.01,0.02,0.0015911176386806702
kl,fixed_rm_adaptive_kl,1,10,full_rm,onehot,96,2,17,0.7266666666666665,-0.8715574319163958,0.0,0.0,0.45921568627450965,0.7959427921728204,0.0,0.8333333333333334,0.00019210621120982176,128,0,nan,nan,nan,0.01,0.02,0.0007753765417469873
kl,fixed_rm_adaptive_kl,1,10,full_rm,onehot,96,2,18,0.7366666666666667,-0.6146772146224976,0.0,0.0,0.4743518518518517,0.8013769701048853,0.0,0.8333333333333334,0.0001855502037751638,128,0,nan,nan,nan,0.01,0.02,0.0009220064514213138
kl,fixed_rm_adaptive_kl,1,10,full_rm,onehot,96,2,19,0.7646666666666667,-0.19244478146235147,0.0,0.0,0.4888947368421052,0.795522543382678,0.0,0.8333333333333334,0.0005394779250058293,128,0,nan,nan,nan,0.01,0.02,0.002461163378838036
kl,fixed_rm_adaptive_kl,1,10,full_rm,onehot,96,2,20,0.7539999999999999,-0.5634127418200175,-0.010666666666666824,-0.007909045971329824,0.5024166666666665,0.8055486900642609,0.0,0.8333333333333334,0.0002879713921782971,128,0,nan,nan,nan,0.01,0.02,0.000988015698062049
kl,fixed_rm_adaptive_kl,1,10,full_rm,onehot,96,2,21,0.634,0.23081724445025126,-0.1306666666666667,-0.09688581314878894,0.5115396825396824,0.8123131605583409,0.0,0.8333333333333334,0.0011997828252991942,128,0,nan,nan,nan,0.01,0.02,0.005751549990640746
kl,fixed_rm_adaptive_kl,1,10,full_rm,onehot,96,2,22,0.39533333333333315,-0.043594853083292646,-0.36933333333333357,-0.2738507167572913,0.5116818181818181,0.8124185503078236,0.0,0.8333333333333334,0.000529484897394276,128,0,nan,nan,nan,0.01,0.02,0.002510290023767286
kl,fixed_rm_adaptive_kl,1,10,full_rm,onehot,96,2,23,0.019333333333333157,0.5410386115312577,-0.7453333333333335,-0.5526445872466634,0.4984492753623187,0.8026069762943538,0.0,0.8333333333333334,0.0007838319196229336,128,0,nan,nan,nan,0.01,0.02,0.002045532791978783
kl,fixed_rm_adaptive_kl,1,10,full_rm,onehot,96,2,24,0.09266666666666644,1.8637867679198583,-0.6720000000000003,-0.4982698961937717,0.48001388888888874,0.7889376338770802,0.0,0.8333333333333334,0.001054011245742238,128,0,nan,nan,nan,0.01,0.02,0.0037981001142826346
kl,fixed_rm_adaptive_kl,2,10,full_rm,onehot,96,2,0,-0.15133333333333354,-2.2941458344459535,0.0,0.0,0.0,0.0,0.0,0.8,0.00018930215739807528,128,0,nan,nan,nan,0.044444444444444446,0.02,0.0008305757720437315
kl,fixed_rm_adaptive_kl,2,10,full_rm,onehot,96,2,1,-0.19266666666666696,-1.3595667024453482,-0.041333333333333416,0.0,-0.17200000000000026,0.0,0.0,0.8,0.00030216078010886834,128,0,nan,nan,nan,0.019753086419753086,0.02,0.0012294957414269447
kl,fixed_rm_adaptive_kl,2,10,full_rm,onehot,96,2,2,-0.3260000000000003,-0.3798185030619303,-0.17466666666666675,0.0,-0.21566666666666695,0.0,0.0,0.8,0.0003991965169361665,128,0,nan,nan,nan,0.01,0.02,0.0018253957128359212
kl,fixed_rm_adaptive_kl,2,10,full_rm,onehot,96,2,3,0.05533333333333313,-0.6150422888497512,0.0,0.0,-0.18888888888888916,-0.18172043010752711,0.0,0.8,0.00010445859810060162,128,0,nan,nan,nan,0.01,0.02,0.0005002423810462158
kl,fixed_rm_adaptive_kl,2,10,full_rm,onehot,96,2,4,-0.332666666666667,-2.197906137506167,-0.3880000000000001,-1.8774193548387104,-0.17633333333333362,-0.12096774193548411,0.0,0.8,0.00023845806308356616,128,0,nan,nan,nan,0.01,0.02,0.0010541181804405318
kl,fixed_rm_adaptive_kl,2,10,full_rm,onehot,96,2,5,0.0019999999999997797,-2.3138628602027893,-0.05333333333333335,-0.25806451612903236,-0.1741333333333336,-0.11032258064516158,0.0,0.8,0.0001335233696678638,128,0,nan,nan,nan,0.01,0.02,0.0004438449525170856
kl,fixed_rm_adaptive_kl,2,10,full_rm,onehot,96,2,6,0.08399999999999976,-0.3270190934340159,0.0,0.0,-0.1379444444444447,0.056893295561850646,0.0,0.8,0.00014710458162575657,128,0,nan,nan,nan,0.01,0.02,0.0004672520897454686
kl,fixed_rm_adaptive_kl,2,10,full_rm,onehot,96,2,7,0.3706666666666665,-0.48763443728288014,0.0,0.0,-0.08576190476190498,0.125615763546798,0.0,0.8,0.000618233950540935,128,0,nan,nan,nan,0.01,0.02,0.002490782075458103
kl,fixed_rm_adaptive_kl,2,10,full_rm,onehot,96,2,8,0.19866666666666644,-0.11291463772455851,-0.17200000000000004,-0.3295019157088123,-0.039458333333333595,0.21431992337164743,0.0,0.8,0.0004962314739285705,128,0,nan,nan,nan,0.01,0.02,0.0011181077505979273
kl,fixed_rm_adaptive_kl,2,10,full_rm,onehot,96,2,9,-0.03200000000000021,0.09974542260169983,-0.4026666666666667,-0.7713920817369093,-0.02581481481481506,0.24045693202781315,0.0,0.8,0.0005209658848331726,128,0,nan,nan,nan,0.01,0.02,0.0007593392704923947
kl,fixed_rm_adaptive_kl,2,10,full_rm,onehot,96,2,10,0.3673333333333332,0.24767517844835918,-0.0033333333333332993,-0.006385696040868389,-0.006466666666666926,0.2775223499361429,0.0,0.8,0.0003671366431996873,128,0,nan,nan,nan,0.01,0.02,0.0012720097891158527
kl,fixed_rm_adaptive_kl,2,10,full_rm,onehot,96,2,11,0.3073333333333332,-0.16230048810442288,-0.0633333333333333,-0.12132822477650057,0.02478787878787854,0.3373969580866132,0.0,0.8,0.00132813071536488,128,0,nan,nan,nan,0.01,0.02,0.006760704641540845
kl,fixed_rm_adaptive_kl,2,10,full_rm,onehot,96,2,12,0.28933333333333316,1.8645044585069022,-0.08133333333333331,-0.15581098339719024,0.04758333333333312,0.38106641123882495,0.0,0.8,0.0016075602278281624,128,0,nan,nan,nan,0.01,0.02,0.00793474219325516
kl,fixed_rm_adaptive_kl,2,10,full_rm,onehot,96,2,13,0.1853333333333331,2.522428204615911,-0.18533333333333338,-0.35504469987228615,0.062179487179486945,0.4090283917870124,0.0,0.8,0.0012389608310868988,128,0,nan,nan,nan,0.01,0.02,0.0043131123917798195
kl,fixed_rm_adaptive_kl,2,10,full_rm,onehot,96,2,14,0.30466666666666653,1.6999716401100158,-0.06599999999999995,-0.1264367816091953,0.07523809523809505,0.4340448823207444,0.0,0.8,0.0005440697301918164,128,0,nan,nan,nan,0.01,0.02,0.0011346200481057167
kl,fixed_rm_adaptive_kl,2,10,full_rm,onehot,96,2,15,0.12599999999999978,5.222665560245514,-0.2446666666666667,-0.4687100893997446,0.08457777777777756,0.4519369944657301,0.0,0.8,0.006538494154786874,128,0,nan,nan,nan,0.01,0.02,0.03422716942926248
kl,fixed_rm_adaptive_kl,2,10,full_rm,onehot,96,2,16,-0.18333333333333357,6.38470086256663,-0.554,-1.0613026819923372,0.07749999999999979,0.43837803320561936,0.0,0.8,0.006932641542334925,128,0,nan,nan,nan,0.01,0.02,0.03697508935713106
kl,fixed_rm_adaptive_kl,2,10,full_rm,onehot,96,2,17,0.15933333333333313,9.58129443700115,-0.21133333333333335,-0.40485312899106,0.07223529411764681,0.428292389752836,0.0,0.8,0.02401882810474719,128,0,nan,nan,nan,0.015,0.02,0.021577538198067084
kl,fixed_rm_adaptive_kl,2,10,full_rm,onehot,96,2,18,-0.14733333333333357,11.150833564500013,-0.518,-0.9923371647509579,0.0685555555555553,0.4212430821626223,0.0,0.8,0.002705327484566154,128,0,nan,nan,nan,0.01,0.02,0.009750414743191665
kl,fixed_rm_adaptive_kl,2,10,full_rm,onehot,96,2,19,-0.08666666666666688,7.777627563476562,-0.45733333333333337,-0.876117496807152,0.05878947368421032,0.40253411306042886,0.0,0.8,0.0015825023341134632,128,0,nan,nan,nan,0.01,0.02,0.0018983903444475597
kl,fixed_rm_adaptive_kl,2,10,full_rm,onehot,96,2,20,0.15999999999999978,13.576956155896188,-0.2106666666666667,-0.4035759897828864,0.057683333333333114,0.4004150702426564,0.0,0.8,0.004588559485278606,128,0,nan,nan,nan,0.01,0.02,0.02064906743665536
kl,fixed_rm_adaptive_kl,2,10,full_rm,onehot,96,2,21,-0.2513333333333336,11.762764672438303,-0.6220000000000001,-1.1915708812260537,0.05276190476190453,0.3909870461594599,0.0,0.8,0.001944890405007572,128,0,nan,nan,nan,0.01,0.02,0.007924124443282684
kl,fixed_rm_adaptive_kl,2,10,full_rm,onehot,96,2,22,0.34933333333333316,11.594261240959167,-0.021333333333333315,-0.04086845466155807,0.05259090909090888,0.3906594682456752,0.0,0.8,0.0009428357010015993,128,0,nan,nan,nan,0.01,0.02,0.0031943220852149855
kl,fixed_rm_adaptive_kl,2,10,full_rm,onehot,96,2,23,0.27399999999999985,10.615368026991685,-0.09666666666666662,-0.1851851851851851,0.0638550724637679,0.4122383252818035,0.0,0.8,0.00036477660960939566,128,0,nan,nan,nan,0.01,0.02,0.0016681718019147715
kl,fixed_rm_adaptive_kl,2,10,full_rm,onehot,96,2,24,0.1459999999999998,11.660372385879358,-0.22466666666666668,-0.43039591315453385,0.06994444444444424,0.4239037888463175,0.0,0.8,0.0008258129910784352,128,0,nan,nan,nan,0.01,0.02,0.0036016226642661625
kl,updated_rm_adaptive_kl,0,10,full_rm,onehot,96,2,0,-0.2233333333333336,-1.8885416408379874,0.0,0.0,0.0,0.0,0.0,0.7833333333333333,0.00013733184525542718,128,0,nan,nan,nan,0.044444444444444446,0.02,0.0005379247272180186
kl,updated_rm_adaptive_kl,0,10,full_rm,onehot,96,2,1,-0.1266666666666669,-0.6201980551083882,0.0,0.0,-0.17500000000000027,0.5,0.0,0.7833333333333333,0.0003084458783368321,128,0,nan,nan,nan,0.019753086419753086,0.02,0.000764979204783837
kl,updated_rm_adaptive_kl,0,10,full_rm,onehot,96,2,2,-0.014000000000000219,-0.9878758609294891,0.0,0.0,-0.12266666666666691,0.48089171974522293,0.0,0.7833333333333333,0.0005226322333935496,128,0,nan,nan,nan,0.01,0.02,0.0019492243106166522
kl,updated_rm_adaptive_kl,0,10,full_rm,onehot,96,2,3,0.17399999999999974,-1.4379557301600774,0.0,0.0,-0.05511111111111135,0.42337807606263994,0.0,0.7833333333333333,5.490516373565482e-05,128,0,nan,nan,nan,0.01,0.02,0.0001503698941734102
kl,updated_rm_adaptive_kl,0,10,full_rm,onehot,96,2,4,0.32666666666666644,0.17654374837875367,0.0,0.0,0.021249999999999755,0.4446969696969697,0.0,0.7833333333333333,0.0004503664696674514,128,0,nan,nan,nan,0.01,0.02,0.0012598860905402237
kl,updated_rm_adaptive_kl,0,10,full_rm,onehot,96,2,5,0.612,-1.0994903286298117,0.0,0.0,0.11086666666666642,0.4000798084596966,2.4259254153817893,0.8,0.0031854920788040707,176,1,nan,nan,nan,0.01,0.02,0.015509597646693388
kl,updated_rm_adaptive_kl,0,10,full_rm,onehot,96,2,6,0.4293333333333331,0.06184554100036621,-0.18266666666666687,-0.21867517956903448,0.17916666666666647,0.48184357541899436,2.4259254153817893,0.8,0.002028156729061925,176,0,nan,nan,nan,0.01,0.02,0.009898158928586377
kl,updated_rm_adaptive_kl,0,10,full_rm,onehot,96,2,7,0.31399999999999983,-1.4097069342931112,-0.29800000000000015,-0.35674381484437356,0.2066666666666665,0.5147645650438946,2.4259254153817893,0.8,0.0002695146904191462,176,0,nan,nan,nan,0.01,0.02,0.0006237060555981265
kl,updated_rm_adaptive_kl,0,10,full_rm,onehot,96,2,8,0.3059999999999999,-1.5555429001649221,-0.3060000000000001,-0.3663208300079809,0.21958333333333313,0.5302274541101356,2.4259254153817893,0.8,8.28132459138505e-05,176,0,nan,nan,nan,0.01,0.02,0.00024875015434291627
kl,updated_rm_adaptive_kl,0,10,full_rm,onehot,96,2,9,0.4313333333333331,-1.1688816924889882,-0.18066666666666686,-0.21628092577813265,0.23614814814814794,0.5500576394431141,2.4259254153817893,0.8,0.00011352369764642638,176,0,nan,nan,nan,0.01,0.02,0.0005570770655241278
kl,updated_rm_adaptive_kl,0,10,full_rm,onehot,96,2,10,0.7793333333333332,-2.594075228025516,0.0,0.0,0.27306666666666646,0.49507978723404256,2.717378258705139,0.7333333333333333,0.004237154710059211,224,1,nan,nan,nan,0.01,0.02,0.019483568922926985
kl,updated_rm_adaptive_kl,0,10,full_rm,onehot,96,2,11,0.7699999999999998,-2.653784666458766,-0.009333333333333416,-0.009308510638297953,0.31866666666666643,0.540558510638298,2.717378258705139,0.7333333333333333,0.0008903618438077305,224,0,nan,nan,nan,0.01,0.02,0.0033205169149570996
kl,updated_rm_adaptive_kl,0,10,full_rm,onehot,96,2,12,0.8326666666666667,-2.3127308299144107,0.0,0.0,0.3588888888888888,0.5513468013468013,2.717378258705139,0.7333333333333333,0.0007602700758110161,224,0,nan,nan,nan,0.01,0.02,0.0036363634280860424
kl,updated_rm_adaptive_kl,0,10,full_rm,onehot,96,2,13,0.8406666666666666,-1.880159032344818,0.0,0.0,0.3956410256410255,0.5817428185849238,2.717378258705139,0.7333333333333333,0.0007942435063784917,224,0,nan,nan,nan,0.01,0.02,0.002244883837799231
kl,updated_rm_adaptive_kl,0,10,full_rm,onehot,96,2,14,0.8013333333333333,-2.4142483115196227,-0.03933333333333322,-0.03696741854636581,0.4260238095238094,0.6102980665950593,2.717378258705139,0.7333333333333333,0.001241285749984148,224,0,nan,nan,nan,0.01,0.02,0.001311157467878527
kl,updated_rm_adaptive_kl,0,10,full_rm,onehot,96,2,15,0.8553333333333332,-3.476829240719477,0.0,0.0,0.4528444444444443,0.6268644416975689,4.256608386337757,0.7,0.005080157844531792,272,1,nan,nan,nan,0.01,0.02,0.016745264176279306
kl,updated_rm_adaptive_kl,0,10,full_rm,onehot,96,2,16,0.8466666666666666,-2.0887929797172546,-0.0086666666666666,-0.008034610630407849,0.47772916666666654,0.6499343325092707,4.256608386337757,0.7,0.0050591803210413445,272,0,nan,nan,nan,0.01,0.02,0.017639334934453167
kl,updated_rm_adaptive_kl,0,10,full_rm,onehot,96,2,17,0.8586666666666666,-3.13581147591273,0.0,0.0,0.49978431372549004,0.6683157551375448,4.256608386337757,0.7,0.0008974606873710439,272,0,nan,nan,nan,0.01,0.02,0.0023132774254514114
kl,updated_rm_adaptive_kl,0,10,full_rm,onehot,96,2,18,0.8813333333333334,-2.430065831542015,0.0,0.0,0.5203518518518517,0.673221350499564,4.256608386337757,0.7,0.0012492957321232068,272,0,nan,nan,nan,0.01,0.02,0.006464642886486319
kl,updated_rm_adaptive_kl,0,10,full_rm,onehot,96,2,19,0.8659999999999999,-2.17347247004509,-0.015333333333333532,-0.013880506940253645,0.5389473684210525,0.6900549502906329,4.256608386337757,0.7,0.004435102380684369,272,0,nan,nan,nan,0.01,0.02,0.013832507085882954
kl,updated_rm_adaptive_kl,0,10,full_rm,onehot,96,2,20,0.8726666666666666,-3.248330772916476,-0.008666666666666822,-0.007845503922752099,0.5554666666666666,0.7050090525045261,4.8721242308616635,0.7,0.002840182504517406,320,1,nan,nan,nan,0.01,0.02,0.011566137636287345
kl,updated_rm_adaptive_kl,0,10,full_rm,onehot,96,2,21,0.8673333333333334,-2.327117461959521,-0.014000000000000012,-0.012673506336753175,0.5704444444444443,0.7185676926171797,4.8721242308616635,0.7,0.0008873654439806311,320,0,nan,nan,nan,0.01,0.02,0.002145706158545282
kl,updated_rm_adaptive_kl,0,10,full_rm,onehot,96,2,22,0.8619999999999999,-5.11999724706014,-0.019333333333333536,-0.01750150875075455,0.5838181818181818,0.7306742744280461,4.8721242308616635,0.7,0.003211103233298136,320,0,nan,nan,nan,0.01,0.02,0.01762838697888785
kl,updated_rm_adaptive_kl,0,10,full_rm,onehot,96,2,23,0.8953333333333333,-3.1599793752034504,0.0,0.0,0.5966376811594201,0.7329895838731408,4.8721242308616635,0.7,0.002331887867614127,320,0,nan,nan,nan,0.01,0.02,0.01252324278983805
kl,updated_rm_adaptive_kl,0,10,full_rm,onehot,96,2,24,0.8586666666666666,-4.061917161941528,-0.036666666666666736,-0.03277711561382604,0.6083194444444444,0.7434321613031387,4.8721242308616635,0.7,0.0005784256093447719,320,0,nan,nan,nan,0.01,0.02,0.0024942177244358594
kl,updated_rm_adaptive_kl,1,10,full_rm,onehot,96,2,0,-0.5840000000000002,-2.6402745246887207,0.0,0.0,0.0,0.0,0.0,0.8333333333333334,9.093848961409337e-05,128,0,nan,nan,nan,0.044444444444444446,0.02,0.000311001514395078
kl,updated_rm_adaptive_kl,1,10,full_rm,onehot,96,2,1,0.08199999999999984,-5.662436501185099,0.0,0.0,-0.25100000000000017,0.5,0.0,0.8333333333333334,0.0005986961887933116,128,0,nan,nan,nan,0.019753086419753086,0.02,0.001961204016374217
kl,updated_rm_adaptive_kl,1,10,full_rm,onehot,96,2,2,0.3033333333333331,-2.311817185084025,0.0,0.0,-0.02916666666666684,0.6252817430503381,0.0,0.8333333333333334,0.0019508696671741064,128,0,nan,nan,nan,0.01,0.02,0.008773884166859917
kl,updated_rm_adaptive_kl,1,10,full_rm,onehot,96,2,3,0.11199999999999978,-2.018975381056468,-0.19133333333333336,-0.21562734785875284,0.04977777777777759,0.7142499373904333,0.0,0.8333333333333334,0.0007263729260103608,128,0,nan,nan,nan,0.01,0.02,0.002054990217503574
kl,updated_rm_adaptive_kl,1,10,full_rm,onehot,96,2,4,0.5379999999999999,-1.060888671875,0.0,0.0,0.11858333333333315,0.6261883541295306,0.0,0.8333333333333334,0.0017856623882533148,128,0,nan,nan,nan,0.01,0.02,0.007527857967134979
kl,updated_rm_adaptive_kl,1,10,full_rm,onehot,96,2,5,0.8059999999999999,-2.7418636798858644,0.0,0.0,0.2292666666666665,0.585083932853717,5.901378844678402,0.75,0.0007465261020154768,176,1,nan,nan,nan,0.01,0.02,0.0018296695521308316
kl,updated_rm_adaptive_kl,1,10,full_rm,onehot,96,2,6,0.7713333333333332,-3.7840081969896953,-0.034666666666666734,-0.024940047961630744,0.3224999999999999,0.652158273381295,5.901378844678402,0.75,0.0028512211684858387,176,0,nan,nan,nan,0.01,0.02,0.006805740141620239
kl,updated_rm_adaptive_kl,1,10,full_rm,onehot,96,2,7,0.7593333333333333,-3.0625077267487844,-0.046666666666666634,-0.03357314148681052,0.38576190476190464,0.6976704350805071,5.901378844678402,0.75,0.0013370401950145562,176,0,nan,nan,nan,0.01,0.02,0.003848536612672938
kl,updated_rm_adaptive_kl,1,10,full_rm,onehot,96,2,8,0.7993333333333332,-3.175916089117527,-0.00666666666666671,-0.0047961630695443945,0.43495833333333317,0.7330635491606714,5.901378844678402,0.75,0.0004094541879645795,176,0,nan,nan,nan,0.01,0.02,0.00153981392375297
kl,updated_rm_adaptive_kl,1,10,full_rm,onehot,96,2,9,0.7779999999999999,-1.7380682826042175,-0.028000000000000025,-0.020143884892086347,0.47425925925925916,0.7613375965893951,5.901378844678402,0.75,0.0006412437748888982,176,0,nan,nan,nan,0.01,0.02,0.0022044703364372253
kl,updated_rm_adaptive_kl,1,10,full_rm,onehot,96,2,10,0.842,-3.2084766825040183,0.0,0.0,0.5078333333333332,0.7656615240766712,5.516753740608692,0.7833333333333333,0.005430981179971555,224,1,nan,nan,nan,0.01,0.02,0.026081839628103707
kl,updated_rm_adaptive_kl,1,10,full_rm,onehot,96,2,11,0.8646666666666667,-3.524687933921814,0.0,0.0,0.5392424242424241,0.775362925155838,5.516753740608692,0.7833333333333333,0.0011638383239316657,224,0,nan,nan,nan,0.01,0.02,0.0012804074730310175
kl,updated_rm_adaptive_kl,1,10,full_rm,onehot,96,2,12,0.8573333333333332,-4.856434222062429,-0.007333333333333525,-0.0050621260929591735,0.5660555555555555,0.7938717594723117,5.516753740608692,0.7833333333333333,0.003725815862910804,224,0,nan,nan,nan,0.01,0.02,0.01889992867492967
kl,updated_rm_adaptive_kl,1,10,full_rm,onehot,96,2,13,0.8466666666666668,-3.031790598233541,-0.017999999999999905,-0.012425218591808491,0.588051282051282,0.809055187794258,5.516753740608692,0.7833333333333333,0.0014985978356021178,224,0,nan,nan,nan,0.01,0.02,0.007771230457971494
kl,updated_rm_adaptive_kl,1,10,full_rm,onehot,96,2,14,0.82,-3.366542955239614,-0.04466666666666674,-0.030832949838932398,0.6055714285714284,0.821149168364999,5.516753740608692,0.7833333333333333,0.0028338164613871735,224,0,nan,nan,nan,0.01,0.02,0.010051924217906263
kl,updated_rm_adaptive_kl,1,10,full_rm,onehot,96,2,15,0.8640000000000001,-5.372278729081154,-0.0006666666666665932,-0.000460193281178044,0.6213333333333333,0.8320294523699953,6.44184535741806,0.8166666666666667,0.002425563373385339,272,1,nan,nan,nan,0.01,0.02,0.007213680746240749
kl,updated_rm_adaptive_kl,1,10,full_rm,onehot,96,2,16,0.8886666666666668,-3.337364594141642,0.0,0.0,0.6372708333333332,0.8292921004979628,6.44184535741806,0.8166666666666667,0.0037861112701248908,272,0,nan,nan,nan,0.01,0.02,0.007058334278149737
kl,updated_rm_adaptive_kl,1,10,full_rm,onehot,96,2,17,0.8846666666666665,-4.921115477879842,-0.004000000000000337,-0.0027161611588956557,0.6519411764705881,0.8392538545522327,6.44184535741806,0.8166666666666667,0.0011431119138861263,272,0,nan,nan,nan,0.01,0.02,0.0030375861873229346
kl,updated_rm_adaptive_kl,1,10,full_rm,onehot,96,2,18,0.874,-4.984723035494486,-0.014666666666666828,-0.009959257582616676,0.664574074074074,0.8478321010009556,6.44184535741806,0.8166666666666667,0.004404350909176186,272,0,nan,nan,nan,0.01,0.02,0.019976056698295806
kl,updated_rm_adaptive_kl,1,10,full_rm,onehot,96,2,19,0.8953333333333334,-4.6297258853912355,0.0,0.0,0.6761578947368422,0.8518417494841203,6.44184535741806,0.8166666666666667,0.010534437041012493,272,0,nan,nan,nan,0.01,0.02,0.0431941088495983
kl,updated_rm_adaptive_kl,1,10,full_rm,onehot,96,2,20,0.8753333333333333,-5.962769957383474,-0.02000000000000013,-0.013519603424966286,0.6866166666666664,0.8589116719242901,7.240826067328453,0.8,0.015198395861969487,320,1,nan,nan,nan,0.01,0.02,0.0839130885174705
kl,updated_rm_adaptive_kl,1,10,full_rm,onehot,96,2,21,0.8433333333333335,-12.764511330922444,-0.051999999999999935,-0.035150968904912074,0.6948412698412698,0.8644713405867078,7.240826067328453,0.8,0.040781962219828445,320,0,nan,nan,nan,0.01,0.02,0.11893557131083475
kl,updated_rm_adaptive_kl,1,10,full_rm,onehot,96,2,22,0.8766666666666667,-6.236341158548991,-0.01866666666666672,-0.012618296529968489,0.7023484848484847,0.8695460690728829,7.240826067328453,0.8,0.020079884948044226,320,0,nan,nan,nan,0.015,0.02,0.06865248032328154
kl,updated_rm_adaptive_kl,1,10,full_rm,onehot,96,2,23,0.858,-4.869506724675497,-0.03733333333333344,-0.025236593059936977,0.7095217391304347,0.874395046730803,7.240826067328453,0.8,0.0022718419145859097,320,0,nan,nan,nan,0.01,0.02,0.010292966901842091
kl,updated_rm_adaptive_kl,1,10,full_rm,onehot,96,2,24,0.8860000000000002,-7.457301839192708,-0.009333333333333194,-0.0063091482649841315,0.7162916666666667,0.8789713835060837,7.240826067328453,0.8,0.005133167010375155,320,0,nan,nan,nan,0.01,0.02,0.028254932413498562
kl,updated_rm_adaptive_kl,2,10,full_rm,onehot,96,2,0,-0.15133333333333354,-2.2941458344459535,0.0,0.0,0.0,0.0,0.0,0.8,0.00018930215739807528,128,0,nan,nan,nan,0.044444444444444446,0.02,0.0008305757720437315
kl,updated_rm_adaptive_kl,2,10,full_rm,onehot,96,2,1,-0.19266666666666696,-1.3595667024453482,-0.041333333333333416,0.0,-0.17200000000000026,0.0,0.0,0.8,0.00030216078010886834,128,0,nan,nan,nan,0.019753086419753086,0.02,0.0012294957414269447
kl,updated_rm_adaptive_kl,2,10,full_rm,onehot,96,2,2,-0.3260000000000003,-0.3798185030619303,-0.17466666666666675,0.0,-0.21566666666666695,0.0,0.0,0.8,0.0003991965169361665,128,0,nan,nan,nan,0.01,0.02,0.0018253957128359212
kl,updated_rm_adaptive_kl,2,10,full_rm,onehot,96,2,3,0.05533333333333313,-0.6150422888497512,0.0,0.0,-0.18888888888888916,-0.18172043010752711,0.0,0.8,0.00010445859810060162,128,0,nan,nan,nan,0.01,0.02,0.0005002423810462158
kl,updated_rm_adaptive_kl,2,10,full_rm,onehot,96,2,4,-0.332666666666667,-2.197906137506167,-0.3880000000000001,-1.8774193548387104,-0.17633333333333362,-0.12096774193548411,0.0,0.8,0.00023845806308356616,128,0,nan,nan,nan,0.01,0.02,0.0010541181804405318
kl,updated_rm_adaptive_kl,2,10,full_rm,onehot,96,2,5,-0.26400000000000035,2.3217729489008585,-0.31933333333333347,-1.5451612903225813,-0.20073333333333362,-0.23903225806451642,1.4945015728473663,0.7166666666666667,0.00018017065314135074,176,1,nan,nan,nan,0.01,0.02,0.0003984659496280882
kl,updated_rm_adaptive_kl,2,10,full_rm,onehot,96,2,6,-0.02066666666666682,2.002689476807912,-0.07599999999999996,-0.36774193548387074,-0.19100000000000028,-0.19193548387096804,1.4945015728473663,0.7166666666666667,0.00015550823835998472,176,0,nan,nan,nan,0.01,0.02,0.00028407749616437487
kl,updated_rm_adaptive_kl,2,10,full_rm,onehot,96,2,7,0.13066666666666646,-0.39150661130746206,0.0,0.0,-0.15585714285714308,-0.016041877744005506,1.4945015728473663,0.7166666666666667,0.00026238394982813464,176,0,nan,nan,nan,0.01,0.02,0.0010610281800230346
kl,updated_rm_adaptive_kl,2,10,full_rm,onehot,96,2,8,-0.03466666666666689,2.7173043648401896,-0.16533333333333333,-0.5862884160756501,-0.13037500000000027,0.07432033096926699,1.4945015728473663,0.7166666666666667,0.00029402722342801294,176,0,nan,nan,nan,0.01,0.02,0.0010274841139713924
kl,updated_rm_adaptive_kl,2,10,full_rm,onehot,96,2,9,-0.02866666666666686,1.7432718356450398,-0.15933333333333333,-0.5650118203309692,-0.11940740740740766,0.11321250328342515,1.4945015728473663,0.7166666666666667,0.0029901040439755853,176,0,nan,nan,nan,0.01,0.02,0.012853151704702113
kl,updated_rm_adaptive_kl,2,10,full_rm,onehot,96,2,10,0.06666666666666646,-0.6672233601411184,-0.064,-0.22695035460992907,-0.10556666666666693,0.16229314420803764,2.25412730909884,0.7833333333333333,0.0019381901066078523,224,1,nan,nan,nan,0.01,0.02,0.008479738763223091
kl,updated_rm_adaptive_kl,2,10,full_rm,onehot,96,2,11,0.7013333333333331,-1.5713911036650339,0.0,0.0,-0.061060606060606315,0.10587106404150962,2.25412730909884,0.7833333333333333,0.0011932231314202137,224,0,nan,nan,nan,0.01,0.02,0.0033472423545188373
kl,updated_rm_adaptive_kl,2,10,full_rm,onehot,96,2,12,0.34333333333333316,-1.1045217980941138,-0.358,-0.41985926505082094,-0.012444444444444668,0.16288767266093301,2.25412730909884,0.7833333333333333,0.0004199715754556003,224,0,nan,nan,nan,0.01,0.02,0.001126771637549003
kl,updated_rm_adaptive_kl,2,10,full_rm,onehot,96,2,13,0.6279999999999999,-1.4748655180136363,-0.07333333333333325,-0.08600469116497253,0.0258717948717946,0.2078246226017922,2.25412730909884,0.7833333333333333,0.0006228345002152778,224,0,nan,nan,nan,0.01,0.02,0.0014724454118145835
kl,updated_rm_adaptive_kl,2,10,full_rm,onehot,96,2,14,0.1659999999999998,-0.7846318384011587,-0.5353333333333333,-0.6278342455043002,0.05238095238095221,0.23891433039204737,2.25412730909884,0.7833333333333333,0.0007783764439563166,224,0,nan,nan,nan,0.01,0.02,0.0029267294642825923
kl,updated_rm_adaptive_kl,2,10,full_rm,onehot,96,2,15,0.5793333333333331,-0.9395894606908163,-0.122,-0.14308053166536355,0.07373333333333314,0.26395621579358874,2.6732925605028868,0.7333333333333333,0.0007467809640756459,272,1,nan,nan,nan,0.01,0.02,0.001684731545133723
kl,updated_rm_adaptive_kl,2,10,full_rm,onehot,96,2,16,0.7433333333333335,-1.9496508459250133,0.0,0.0,0.11045833333333313,0.29261363636363624,2.6732925605028868,0.7333333333333333,0.00244184396706275,272,0,nan,nan,nan,0.01,0.02,0.012488729423946804
kl,updated_rm_adaptive_kl,2,10,full_rm,onehot,96,2,17,0.7666666666666665,-2.605106604099274,0.0,0.0,0.14837254901960764,0.32647699602716906,2.6732925605028868,0.7333333333333333,0.0006449473856063067,272,0,nan,nan,nan,0.01,0.02,0.0026948825042280885
kl,updated_rm_adaptive_kl,2,10,full_rm,onehot,96,2,18,0.7386666666666665,-2.8023863792419434,-0.028000000000000025,-0.03050108932461876,0.18194444444444427,0.36304768821108696,2.6732925605028868,0.7333333333333333,0.0002640362281202556,272,0,nan,nan,nan,0.01,0.02,0.0007030632243388229
kl,updated_rm_adaptive_kl,2,10,full_rm,onehot,96,2,19,0.8626666666666666,0.020652193824450174,0.0,0.0,0.21450877192982437,0.36079103083151665,2.6732925605028868,0.7333333333333333,0.00020022187530671333,272,0,nan,nan,nan,0.01,0.02,0.0008120337604648537
kl,updated_rm_adaptive_kl,2,10,full_rm,onehot,96,2,20,0.6833333333333332,-2.338911279042562,-0.17933333333333334,-0.17685733070348453,0.2424333333333331,0.38833004602235366,3.147956455498934,0.7333333333333333,0.0014530534194061892,320,1,nan,nan,nan,0.01,0.02,0.003925919532775879
kl,updated_rm_adaptive_kl,2,10,full_rm,onehot,96,2,21,0.792,-3.9561232815186185,-0.07066666666666654,-0.06969099276791571,0.2660158730158729,0.4115869885100654,3.147956455498934,0.7333333333333333,0.0009182670325524241,320,0,nan,nan,nan,0.01,0.02,0.002252213139500883
kl,updated_rm_adaptive_kl,2,10,full_rm,onehot,96,2,22,0.8213333333333332,-2.901271633307139,-0.04133333333333333,-0.04076265614727152,0.2905909090909089,0.43582272428426266,3.147956455498934,0.7333333333333333,0.0018111101079702886,320,0,nan,nan,nan,0.01,0.02,0.003047088471551736
kl,updated_rm_adaptive_kl,2,10,full_rm,onehot,96,2,23,0.8213333333333334,-3.6295582513014475,-0.04133333333333322,-0.04076265614727141,0.31366666666666654,0.45857988165680474,3.147956455498934,0.7333333333333333,0.0019433368700499788,320,0,nan,nan,nan,0.01,0.02,0.007214946827540794
kl,updated_rm_adaptive_kl,2,10,full_rm,onehot,96,2,24,0.8773333333333333,-1.7850277612606684,0.0,0.0,0.335986111111111,0.47373892849427524,3.147956455498934,0.7333333333333333,0.000586303861963739,320,0,nan,nan,nan,0.01,0.02,0.0016576346113449999
